"Season","SeasonEpNumber","Guests","Host","MusicalGuest","AirDate","Rating","Votes"
1,1,"George Carlin/Billy Preston/Janis Ian","George Carlin","Billy Preston & Janis Ian","1975-10-11",7.6,266
1,2,"Paul Simon/Randy Newman/Phoebe Snow","Paul Simon","Randy Newman, Phoebe Snow, Art Garfunkel & Jessy Dixon Singers","1975-10-18",6.5,158
1,3,"Rob Reiner","Rob Reiner","none","1975-10-25",7,129
1,4,"Candice Bergen/Esther Phillips","Candice Bergen","Esther Phillips","1975-11-08",7.2,126
1,5,"Robert Klein/ABBA, Loudon Wainwright III","Robert Klein","ABBA & Loudon Wainwright III","1975-11-15",6.8,109
1,6,"Lily Tomlin","Lily Tomlin","Tomlin with Howard Shore & the All Nurse Band","1975-11-22",7.2,108
1,7,"Richard Pryor/Gil Scott-Heron","Richard Pryor","Gil Scott-Heron","1975-12-13",8.6,170
1,8,"Candice Bergen/Martha Reeves/The Stylistics","Candice Bergen","Martha Reeves & The Stylistics","1975-12-20",7.1,97
1,9,"Elliott Gould/Anne Murray","Elliott Gould","Anne Murray","1976-01-10",7,84
1,10,"Buck Henry/Bill Withers, Toni Basil","Buck Henry","Bill Withers & Toni Basil","1976-01-17",7.8,82
1,11,"Peter Cook & Dudley Moore/Neil Sedaka","Peter Cook & Dudley Moore","Neil Sedaka","1976-01-24",7.5,80
1,12,"Dick Cavett/Jimmy Cliff","Dick Cavett","Jimmy Cliff","1976-01-31",6.3,74
1,13,"Peter Boyle/Al Jarreau","Peter Boyle","Al Jarreau","1976-02-14",7,73
1,14,"Desi Arnaz/Desi Arnaz, Jr.","Desi Arnaz","Desi Arnaz & Desi Arnaz, Jr.","1976-02-21",7.7,84
1,15,"Jill Clayburgh/Leon Redbone/The Singing Idlers","Jill Clayburgh","Leon Redbone & The Idlers","1976-02-28",7.4,69
1,16,"Anthony Perkins/Betty Carter","Anthony Perkins","Betty Carter","1976-03-13",7.3,74
1,17,"Ron Nessen/Patti Smith Group","Ron Nessen","Patti Smith","1976-04-17",7,70
1,18,"Raquel Welch/Phoebe Snow, John Sebastian","Raquel Welch","Phoebe Snow & John Sebastian","1976-04-24",6.8,72
1,19,"Madeline Kahn/Carly Simon","Madeline Kahn","Carly Simon","1976-05-08",8.1,74
1,20,"Dyan Cannon/Leon & Mary Russell","Dyan Cannon","Leon and Mary Russell","1976-05-15",6.7,66
1,21,"Buck Henry/Gordon Lightfoot","Buck Henry","Gordon Lightfoot & Garrett Morris","1976-05-22",7.4,64
1,22,"Elliott Gould/Leon Redbone, Harlan Collins & Joyce Everson","Elliott Gould","Leon Redbone, Harlan Collins & Joyce Everson","1976-05-29",8,61
1,23,"Louise Lasser/Preservation Hall Jazz Band","Louise Lasser","Preservation Hall Jazz Band","1976-07-24",5.5,64
1,24,"Kris Kristofferson/Rita Coolidge","Kris Kristofferson","Rita Coolidge","1976-07-31",6.9,61
2,1,"Lily Tomlin/James Taylor","Lily Tomlin","James Taylor","1976-09-18",7.4,61
2,2,"Norman Lear/Boz Scaggs","Norman Lear","Boz Scaggs","1976-09-25",7.6,55
2,3,"Eric Idle/Joe Cocker/Stuff","Eric Idle","Joe Cocker & Stuff","1976-10-02",7.7,65
2,4,"Karen Black/John Prine","Karen Black","John Prine","1976-10-16",6.8,55
2,5,"Steve Martin/Kinky Friedman","Steve Martin","Kinky Friedman","1976-10-23",7.7,61
2,6,"Buck Henry/The Band","Buck Henry","The Band","1976-10-30",7.6,62
2,7,"Dick Cavett/Ry Cooder","Dick Cavett","Ry Cooder","1976-11-13",7,46
2,8,"Paul Simon/George Harrison","Paul Simon","Paul Simon & George Harrison","1976-11-20",7.7,75
2,9,"Jodie Foster/Brian Wilson","Jodie Foster","Brian Wilson","1976-11-27",6.9,56
2,10,"Candice Bergen/Frank Zappa","Candice Bergen","Frank Zappa with Don Pardo as ""The Slime""","1976-12-11",7.9,59
2,11,"Ralph Nader/George Benson","Ralph Nader","George Benson","1977-01-15",7.3,49
2,12,"Ruth Gordon/Chuck Berry","Ruth Gordon","Chuck Berry","1977-01-22",7.3,49
2,13,"Fran Tarkenton/Leo Sayer, Donnie Harper and the Voices of Tomorrow","Fran Tarkenton","Leo Sayer
Donny Harper","1977-01-29",6.7,46
2,14,"Steve Martin/The Kinks","Steve Martin","The Kinks","1977-02-26",8,63
2,15,"Sissy Spacek/Richard Baskin","Sissy Spacek","Richard Baskin","1977-03-12",7.2,53
2,16,"Broderick Crawford/Levon Helm/Dr. John/The Meters","Broderick Crawford","Levon HelmDr. JohnThe Meters","1977-03-19",7.3,51
2,17,"Jack Burns/Santana","Jack Burns","Santana","1977-03-26",7.2,49
2,18,"Julian Bond/Tom Waits, Brick","Julian Bond","Tom WaitsBrick","1977-04-09",6.7,49
2,19,"Elliott Gould/Kate & Anna McGarrigle/Roslyn Kind","Elliott Gould","McGarrigle SistersRoslyn Kind","1977-04-16",7,43
2,20,"Eric Idle/Neil Innes","Eric Idle","Alan PriceNeil Innes","1977-04-23",7.8,48
2,21,"Shelley Duvall/Joan Armatrading","Shelley Duvall","Joan Armatrading","1977-05-14",7.3,45
2,22,"Buck Henry/Jennifer Warnes/Kenny Vance","Buck Henry","Jennifer WarnesKenny Vance","1977-05-21",7.9,43
3,1,"Steve Martin/Jackson Browne","Steve Martin","Jackson Browne","1977-09-24",7.4,58
3,2,"Madeline Kahn/Taj Mahal","Madeline Kahn","Taj Mahal","1977-10-08",6.8,45
3,3,"Hugh Hefner/Libby Titus","Hugh Hefner","Libby Titus","1977-10-15",6.4,42
3,4,"Charles Grodin/Paul Simon","Charles Grodin","Paul Simon","1977-10-29",7,46
3,5,"Ray Charles","Ray Charles","Ray Charles","1977-11-12",7.9,49
3,6,"Buck Henry/Leon Redbone","Buck Henry","Leon Redbone","1977-11-19",6.8,41
3,7,"Mary Kay Place/Willie Nelson","Mary Kay Place","Willie Nelson","1977-12-10",7.5,36
3,8,"Miskel Spillman/Elvis Costello","Miskel Spillman","Elvis Costello","1977-12-17",7.5,41
3,9,"Steve Martin/Randy Newman, Dirt Band","Steve Martin","Randy Newman, The Nitty Gritty Dirt Band","1978-01-21",7.8,52
3,10,"Robert Klein/Bonnie Raitt","Robert Klein","Bonnie Raitt","1978-01-28",7.7,53
3,11,"Chevy Chase/Billy Joel","Chevy Chase","Billy Joel","1978-02-18",7.5,45
3,12,"O.J. Simpson/Ashford & Simpson","O. J. Simpson","Ashford and Simpson","1978-02-25",7,46
3,13,"Art Garfunkel/Stephen Bishop","Art Garfunkel","Stephen Bishop","1978-03-11",6.4,44
3,14,"Jill Clayburgh/Eddie Money","Jill Clayburgh","Eddie Money","1978-03-18",6.6,38
3,15,"Christopher Lee/Meat Loaf","Christopher Lee","Meat Loaf","1978-03-25",7.7,54
3,16,"Michael Palin/Eugene Record","Michael Palin","Eugene Record","1978-04-08",7.8,40
3,17,"Michael Sarrazin/Keith Jarrett, Gravity","Michael Sarrazin","Keith Jarrett","1978-04-15",7,38
3,18,"Steve Martin/The Blues Brothers","Steve Martin","The Blues Brothers","1978-04-22",8.4,84
3,19,"Richard Dreyfuss/Jimmy Buffett, Gary Tigerman","Richard Dreyfuss","Jimmy Buffett, Gary Tigerman","1978-05-13",7.4,36
3,20,"Buck Henry/Sun Ra","Buck Henry","Sun Ra","1978-05-20",7.2,37
4,1,"The Rolling Stones","The Rolling Stones","The Rolling Stones","1978-10-07",7.4,52
4,2,"Fred Willard/Devo","Fred Willard","Devo","1978-10-14",7.2,42
4,3,"Frank Zappa","Frank Zappa","Frank Zappa","1978-10-21",7,53
4,4,"Steve Martin/Van Morrison","Steve Martin","Van Morrison","1978-11-04",8.2,44
4,5,"Buck Henry/The Grateful Dead","Buck Henry","Grateful Dead","1978-11-11",7,41
4,6,"Carrie Fisher/The Blues Brothers","Carrie Fisher","The Blues Brothers","1978-11-18",7.9,80
4,7,"Walter Matthau","Walter Matthau","none","1978-12-02",7.6,40
4,8,"Eric Idle/Kate Bush","Eric Idle","Kate Bush","1978-12-09",7.9,60
4,9,"Elliott Gould/Peter Tosh","Elliott Gould","Peter Tosh with Mick Jagger","1978-12-16",6.2,42
4,10,"Michael Palin/The Doobie Brothers","Michael Palin","The Doobie Brothers","1979-01-27",7.1,38
4,11,"Cicely Tyson/Talking Heads","Cicely Tyson","Talking Heads","1979-02-10",7.4,40
4,12,"Ricky Nelson/Judy Collins","Ricky Nelson","Judy Collins","1979-02-17",7.3,53
4,13,"Kate Jackson/Delbert McClinton","Kate Jackson","Delbert McClinton","1979-02-24",6.3,34
4,14,"Gary Busey/Eubie Blake and Gregory Hines","Gary Busey","Eubie Blake & Gregory HinesGary Busey with Rick Danko & Paul Butterfield","1979-03-10",7.5,37
4,15,"Margot Kidder/The Chieftains","Margot Kidder","The Chieftains","1979-03-17",6.9,43
4,16,"Richard Benjamin/Rickie Lee Jones","Richard Benjamin","Rickie Lee Jones","1979-04-07",7.5,42
4,17,"Milton Berle/Ornette Coleman","Milton Berle","Ornette Coleman","1979-04-14",6.4,41
4,18,"Michael Palin/James Taylor","Michael Palin","James Taylor","1979-05-12",7.6,40
4,19,"Maureen Stapleton/Linda Ronstadt/Phoebe Snow","Maureen Stapleton","Linda RonstadtPhoebe Snow","1979-05-19",7.4,34
4,20,"Buck Henry/Bette Midler","Buck Henry","Bette Midler","1979-05-26",7.8,38
5,1,"Steve Martin/Blondie","Steve Martin","Blondie","1979-10-13",7.8,53
5,2,"Eric Idle/Bob Dylan","Eric Idle","Bob Dylan","1979-10-20",7.9,39
5,3,"Bill Russell/Chicago","Bill Russell","Chicago","1979-11-03",6.4,34
5,4,"Buck Henry/Tom Petty & The Heartbreakers","Buck Henry","Tom Petty and the Heartbreakers","1979-11-10",6.6,37
5,5,"Bea Arthur/The Roches","Bea Arthur","The Roches","1979-11-17",6.3,30
5,6,"Howard Hesseman/Randy Newman","Howard Hesseman","Randy Newman","1979-12-08",6.3,33
5,7,"Martin Sheen/David Bowie","Martin Sheen","David Bowie","1979-12-15",6.9,44
5,8,"Ted Knight/Desmond Child & Rouge","Ted Knight","Desmond Child & Rouge","1979-12-22",6.2,29
5,9,"Teri Garr/The B-52's","Teri Garr","The B-52's","1980-01-26",6.4,30
5,10,"Chevy Chase/Marianne Faithfull","Chevy Chase","Marianne FaithfullTom Scott","1980-02-09",6.6,36
5,11,"Elliott Gould/Gary Numan","Elliott Gould","Gary Numan","1980-02-16",6,27
5,12,"Kirk Douglas/Sam and Dave","Kirk Douglas","Sam & Dave","1980-02-23",6.8,28
5,13,"Rodney Dangerfield/The J. Geils Band","Rodney Dangerfield","The J. Geils Band","1980-03-08",6.9,36
5,14,"Paul Simon, James Taylor & David Sanborn","none","Paul SimonJames TaylorDavid Sanborn","1980-03-15",6.4,31
5,15,"Richard Benjamin, Paula Prentiss/The Grateful Dead","Richard BenjaminPaula Prentiss","The Grateful Dead","1980-04-05",6.1,28
5,16,"Burt Reynolds/Anne Murray","Burt Reynolds","Anne Murray","1980-04-12",5.6,31
5,17,"Strother Martin/The Specials","Strother Martin","The Specials","1980-04-19",7.1,34
5,18,"Bob Newhart/The Amazing Rhthym Aces/Bruce Cockburn","Bob Newhart","The Amazing Rhythm AcesBruce Cockburn","1980-05-10",7.5,29
5,19,"Steve Martin/Paul & Linda McCartney/3-D","Steve Martin","3-D, Paul McCartney and Linda McCartney","1980-05-17",8.1,34
5,20,"Buck Henry/Andrew Gold/Andrae Crouch & Voices of Unity","Buck Henry","Andrew GoldAndrae Crouch & the Voices of Unity","1980-05-24",8.1,31
6,1,"Elliott Gould/Kid Creole & the Coconuts","Elliott Gould","Kid Creole & the Coconuts","1980-11-15",6.8,41
6,2,"Malcolm McDowell/Captain Beefheart & The Magic Band","Malcolm McDowell","Captain Beefheart & His Magic Band","1980-11-22",5.9,42
6,3,"Ellen Burstyn/Aretha Franklin/Keith Sykes","Ellen Burstyn","Aretha Franklin
Keith Sykes","1980-12-06",6.6,30
6,4,"Jamie Lee Curtis/James Brown/Ellen Shipley","Jamie Lee Curtis","James BrownEllen Shipley","1980-12-13",6.4,32
6,5,"David Carradine/Linda Ronstadt/Cast of 'The Pirates of Penzance'","David Carradine","Linda Ronstadt
The Cast of The Pirates of Penzance","1980-12-20",6,36
6,6,"Ray Sharkey/Jack Bruce & Friends","Ray Sharkey","Jack Bruce & Friends","1981-01-10",5.7,32
6,7,"Karen Black/Cheap Trick/Stanley Clarke Trio","Karen Black","Cheap TrickStanley Clarke Trio","1981-01-17",6.3,30
6,8,"Robert Hays/14 Karat Soul/Joe 'King' Carrasco & The Crowns","Robert Hays","Joe ""King"" Carrasco & the Crowns
14 Karat Soul","1981-01-24",6.2,20
6,9,"Sally Kellerman/Jimmy Cliff","Sally Kellerman","Jimmy Cliff","1981-02-07",6.3,24
6,10,"Deborah Harry/Funky 4 + 1 More","Deborah Harry","Deborah HarryFunky Four Plus One","1981-02-14",6.6,30
6,11,"Charlene Tilton/Todd Rundgren/Prince","Charlene Tilton","Todd RundgrenPrince","1981-02-21",5.7,32
6,12,"Bill Murray/Delbert McClinton","Bill Murray","Delbert McClinton","1981-03-07",7.9,34
6,13,"Jr. Walker & the All-Stars","none","Jr. Walker & the All-Stars","1981-04-11",7.9,30
7,1,"Rod Stewart","(none)","Rod Stewart","1981-10-03",6.6,36
7,2,"Susan Saint James/The Kinks","Susan Saint James","The Kinks","1981-10-10",5.9,33
7,3,"George Kennedy/Miles Davis","George Kennedy","Miles Davis","1981-10-17",7.6,26
7,4,"Donald Pleasance/Fear","Donald Pleasence","Fear","1981-10-31",7,30
7,5,"Lauren Hutton/Rick James & The Stone City Band","Lauren Hutton","Rick James","1981-11-07",6.3,35
7,6,"Bernadette Peters/Billy Joel/The Go-Go's","Bernadette Peters","The Go-Go'sBilly Joel","1981-11-14",6.8,28
7,7,"Tim Curry/Meat Loaf/The Neverland Express","Tim Curry","Meat Loaf","1981-12-05",6.8,25
7,8,"Bill Murray/The Spinners/Yale Whiffenpoofs","Bill Murray","The SpinnersThe Whiffenpoofs","1981-12-12",6.5,37
7,9,"Robert Conrad/The Allman Brothers Band","Robert Conrad","The Allman Brothers Band","1982-01-23",6.6,29
7,10,"John Madden/Jennifer Holliday","John Madden","Jennifer Holliday","1982-01-30",6.5,32
7,11,"James Coburn/Lindsey Buckingham","James Coburn","Lindsey Buckingham","1982-02-06",6.3,26
7,12,"Bruce Dern/Luther Vandross","Bruce Dern","Luther Vandross","1982-02-20",5.5,25
7,13,"Elizabeth Ashley/Hall & Oates","Elizabeth Ashley","Hall & Oates","1982-02-27",7.8,28
7,14,"Robert Urich/Mink DeVille","Robert Urich","Mink DeVille","1982-03-20",6.5,22
7,15,"Blythe Danner/Rickie Lee Jones","Blythe Danner","Rickie Lee Jones","1982-03-27",5.7,29
7,16,"Daniel J. Travanti/John Cougar","Daniel J. Travanti","John Cougar Mellencamp","1982-04-10",6.4,27
7,17,"Johnny Cash/Elton John","Johnny Cash","Elton John","1982-04-17",7.9,40
7,18,"Robert Culp/The Charlie Daniels Band","Robert Culp","The Charlie Daniels Band","1982-04-24",6.4,23
7,19,"Danny DeVito/Sparks","Danny DeVito","Sparks","1982-05-15",6.9,21
7,20,"Olivia Newton-John","Olivia Newton-John","Olivia Newton-John","1982-05-22",7.9,30
8,1,"Chevy Chase/Queen","Chevy Chase","Queen","1982-09-25",8.5,45
8,2,"Louis Gossett Jr/George Thorogood & The Destroyers","Louis Gossett, Jr.","George Thorogood & the Destroyers","1982-10-02",7.3,26
8,3,"Ron Howard/The Clash","Ron Howard","The Clash","1982-10-09",8.2,41
8,4,"Howard Hesseman/Men at Work","Howard Hesseman","Men at Work","1982-10-23",7.5,29
8,5,"Michael Keaton/The New Joe Jackson Band","Michael Keaton","The New Joe Jackson Band","1982-10-30",7.2,37
8,6,"Robert Blake/Kenny Loggins","Robert Blake","Kenny Loggins","1982-11-13",5.9,25
8,7,"Drew Barrymore/Squeeze","Drew Barrymore","Squeeze","1982-11-20",7.9,44
8,8,"Tom & Dick Smothers/Laura Branigan","The Smothers Brothers","Laura Branigan","1982-12-04",7.5,30
8,9,"Eddie Murphy/Lionel Richie","Eddie Murphy","Lionel Richie","1982-12-11",8.1,38
8,10,"Lily Tomlin","Lily Tomlin","Tomlin as Pervis Hawkins","1983-01-22",7,28
8,11,"Rick Moranis and Dave Thomas/The Bus Boys","Rick MoranisDave Thomas","The Bus Boys","1983-01-29",7.8,31
8,12,"Sid Caesar/Joe Cocker/Jennifer Warnes","Sid Caesar","Joe CockerJennifer Warnes","1983-02-05",6.5,26
8,13,"Howard Hesseman/Tom Petty & The Heartbreakers","Howard Hesseman","Tom Petty & The Heartbreakers","1983-02-19",7.5,24
8,14,"Beau and Jeff Bridges/Randy Newman","Beau BridgesJeff Bridges","Randy Newman","1983-02-26",6.6,25
8,15,"Bruce Dern/Leon Redbone","Bruce Dern","Leon Redbone","1983-03-12",6.7,23
8,16,"Robert Guilaume/Duran Duran","Robert Guillaume","Duran Duran","1983-03-19",7.8,22
8,17,"Joan Rivers/Musical Youth","Joan Rivers","Musical Youth","1983-04-09",8,27
8,18,"Susan Saint James/Michael McDonald","Susan Saint James","Michael McDonald","1983-04-16",7.6,26
8,19,"Stevie Wonder","Stevie Wonder","Stevie Wonder","1983-05-07",7.9,29
8,20,"Ed Koch/Kevin Rowland & Dexy's Midnight Runners","Ed Koch","Kevin RowlandDexys Midnight Runners","1983-05-14",8,23
9,1,"Brandon Tartikoff/John Cougar Mellencamp","Brandon Tartikoff","John Cougar Mellencamp","1983-10-08",6,24
9,2,"Danny DeVito & Rhea Pearlman/Eddy Grant","Danny DeVito & Rhea Perlman","Eddy Grant","1983-10-15",6.1,32
9,3,"John Candy/Men at Work","John Candy","Men at Work","1983-10-22",6.4,27
9,4,"Betty Thomas/Stray Cats","Betty Thomas","Stray Cats","1983-11-05",5.8,32
9,5,"Teri Garr/Mick Fleetwood's Zoo","Teri Garr","Mick Fleetwood's ZooLindsey Buckingham","1983-11-12",5.7,28
9,6,"Jerry Lewis/Loverboy","Jerry Lewis","Loverboy","1983-11-19",5.7,31
9,7,"The Smothers Brothers/Big Country","The Smothers Brothers","Big Country","1983-12-03",5.7,32
9,8,"Flip Wilson/Stevie Nicks","Flip Wilson","Stevie Nicks","1983-12-10",6.2,28
9,9,"Father Guido Sarducci/Huey Lewis & The News","Father Guido Sarducci (Don Novello)","Huey Lewis and the News","1984-01-14",6.3,30
9,10,"Michael Palin/Mary Palin/The Motels","Michael Palin","The Motels","1984-01-21",6.5,29
9,11,"Don Rickles/Billy Idol","Don Rickles","Billy Idol","1984-01-28",8,25
9,12,"Robin Williams/Adam Ant","Robin Williams","Adam Ant","1984-02-11",6.4,34
9,13,"Jamie Lee Curtis/The Fixx","Jamie Lee Curtis","The Fixx","1984-02-18",6.9,27
9,14,"Edwin Newman/Kool & The Gang","Edwin Newman","Kool & the Gang","1984-02-25",6.3,22
9,15,"Billy Crystal/Al Jarreau","Billy Crystal","Al Jarreau","1984-03-17",5.8,29
9,16,"Michael Douglas/Deniece Williams","Michael Douglas","Deniece Williams","1984-04-07",6.5,34
9,17,"George McGovern/Madness","George McGovern","Madness","1984-04-14",5.8,32
9,18,"Barry Bostwick/Spinal Tap","Barry Bostwick","Spinal Tap","1984-05-05",7.7,29
9,19,"Billy Crystal/Ed Koch/Edwin Newman/Don Novello/Betty Thomas/The Cars","Billy Crystal, Ed Koch, Edwin Newman, Don Novello, Betty Thomas","The Cars","1984-05-12",6.2,31
10,1,"Thompson Twins","(none)","Thompson Twins","1984-10-06",6.3,26
10,2,"Bob Uecker/Peter Wolf","Bob Uecker","Peter Wolf","1984-10-13",6.6,26
10,3,"Jesse Jackson/Andrae Crouch, Wintley Phipps","Jesse Jackson","Andrae CrouchWintley Phipps","1984-10-20",6.2,32
10,4,"Michael McKean/Chaka Khan/The Folksmen","Michael McKean","Chaka KhanThe Folksmen","1984-11-03",7,27
10,5,"George Carlin/Frankie Goes to Hollywood","George Carlin","Frankie Goes to Hollywood","1984-11-10",8,33
10,6,"Ed Asner/The Kinks","Ed Asner","The Kinks","1984-11-17",7.5,25
10,7,"Ed Begley Jr/Billy Squier","Ed Begley, Jr.","Billy Squier","1984-12-01",5.4,28
10,8,"Ringo Starr/Herbie Hancock","Ringo Starr","Herbie Hancock","1984-12-08",6.6,30
10,9,"Eddie Murphy/Robert Plant & The Honeydrippers","Eddie Murphy","Robert Plant & the Honeydrippers","1984-12-15",7.4,48
10,10,"Kathleen Turner/John Waite","Kathleen Turner","John Waite","1985-01-12",5.9,27
10,11,"Roy Scheider/Billy Ocean","Roy Scheider","Billy Ocean","1985-01-19",7.6,27
10,12,"Alex Karras/Tina Turner","Alex Karras","Tina Turner","1985-02-02",6.4,25
10,13,"Harry Anderson/Bryan Adams","Harry Anderson","Bryan Adams","1985-02-09",5.8,33
10,14,"Pamela Sue Martin/Power Station","Pamela Sue Martin","Power Station","1985-02-16",5.4,30
10,15,"Mr. T and Hulk Hogan/The Commodores","Mr. THulk Hogan","The Commodores","1985-03-30",6.1,34
10,16,"Christopher Reeve/Santana","Christopher Reeve","Santana","1985-04-06",6.2,28
10,17,"Howard Cosell/Greg Kihn","Howard Cosell","Greg Kihn","1985-04-13",6.2,28
11,1,"Madonna/Simple Minds","Madonna","Simple Minds","1985-11-09",6.3,35
11,2,"Chevy Chase/Sheila E.","Chevy Chase","Sheila E","1985-11-16",6.5,32
11,3,"Pee Wee Herman/Queen Ida & The Bon Temps Zydeco Band","Paul Reubens as Pee-wee Herman","Queen Ida & the Bon Temps Zydeco Band","1985-11-23",6.3,27
11,4,"John Lithgow/Mr. Mister","John Lithgow","Mr. Mister","1985-12-07",6.8,23
11,5,"Tom Hanks/Sade","Tom Hanks","Sade","1985-12-14",6.3,33
11,6,"Teri Garr/Dream Academy/The Cult","Teri Garr","The Dream AcademyThe Cult","1985-12-21",6.5,25
11,7,"Harry Dean Stanton/The Replacements","Harry Dean Stanton","The Replacements","1986-01-18",6.4,26
11,8,"Dudley Moore/Al Green","Dudley Moore","Al Green","1986-01-25",6.1,23
11,9,"Ron Reagan/The Nelsons","Ron Reagan","The Nelsons","1986-02-08",6.6,23
11,10,"Jerry Hall/Stevie Ray Vaughan/Jimmie Vaughan","Jerry Hall","Stevie Ray VaughanDouble Trouble","1986-02-15",5.9,32
11,11,"Jay Leno/The Neville Brothers","Jay Leno","The Neville Brothers","1986-02-22",5,23
11,12,"Griffin Dunne/Rosanne Cash","Griffin Dunne","Rosanne Cash","1986-03-15",6.7,19
11,13,"George Wendt and Francis Ford Coppola/Philip Glass","George WendtFrancis Ford Coppola","Philip Glass","1986-03-22",6.7,19
11,14,"Oprah Winfrey/Joe Jackson","Oprah Winfrey","Joe Jackson","1986-04-12",5.6,27
11,15,"Tony Danza/Laurie Anderson","Tony Danza","Laurie Anderson","1986-04-19",5.1,25
11,16,"Catherine Oxenberg and Paul Simon/Ladysmith Black Mambazo","Catherine OxenbergPaul Simon","Paul SimonLadysmith Black Mambazo","1986-05-10",6.9,31
11,17,"Jimmy Breslin and Marvin Hagler/Level 42/E.G. Daily","Jimmy Breslin","Level 42E.G. Daily","1986-05-17",5.9,25
11,18,"Anjelica Huston and Billy Martin/George Clinton & Parliament-Funkadelic","Anjelica HustonBilly Martin","George ClintonParliament-Funkadelic","1986-05-24",7.6,32
12,1,"Sigourney Weaver/Buster Poindexter","Sigourney Weaver","(none)","1986-10-11",7.8,49
12,2,"Malcolm-Jamal Warner/Run-DMC","Malcolm-Jamal Warner","Run DMC","1986-10-18",6,30
12,3,"Rosanna Arquette/Ric Ocasek","Rosanna Arquette","Ric Ocasek","1986-11-08",6.1,19
12,4,"Sam Kinison/Lou Reed","Sam Kinison","Lou Reed","1986-11-15",6.6,27
12,5,"Robin Williams/Paul Simon","Robin Williams","Paul Simon","1986-11-22",8,27
12,6,"Chevy Chase/Steve Martin/Martin Short/Randy Newman","Chevy Chase, Steve Martin, Martin Short","Randy Newman","1986-12-06",8.1,31
12,7,"Steve Guttenberg/The Pretenders","Steve Guttenberg","The Pretenders","1986-12-13",6.9,25
12,8,"William Shatner/Lone Justice","William Shatner","Lone Justice","1986-12-20",8,45
12,9,"Walter Payton & Joe Montana/Debbie Harry","Joe MontanaWalter Payton","Deborah Harry","1987-01-24",6.4,23
12,10,"Paul Shaffer/Bruce Hornsby & The Range","Paul Shaffer","Bruce Hornsby & the Range","1987-01-31",5.6,22
12,11,"Bronson Pinchot/Paul Young/Buster Poindexter","Bronson Pinchot","Paul Young","1987-02-14",6.2,22
12,12,"Willie Nelson","Willie Nelson","Willie Nelson","1987-02-21",7.1,23
12,13,"Valerie Bertinelli/Robert Cray Band","Valerie Bertinelli","Robert Cray Band","1987-02-28",6.7,22
12,14,"Bill Murray/Percy Sledge","Bill Murray","Percy Sledge","1987-03-21",6.4,20
12,15,"Charlton Heston/Wynton Marsalis","Charlton Heston","Wynton Marsalis","1987-03-28",7.2,31
12,16,"John Lithgow/Anita Baker","John Lithgow","Anita Baker","1987-04-11",5.6,22
12,17,"John Larroquette/Timbuk-3","John Larroquette","Timbuk 3","1987-04-18",6.1,21
12,18,"Mark Harmon/Suzanne Vega","Mark Harmon","Suzanne Vega","1987-05-09",5.4,23
12,19,"Garry Shandling/Los Lobos","Garry Shandling","Los Lobos","1987-05-16",5.7,30
12,20,"Dennis Hopper/Roy Orbison","Dennis Hopper","Roy Orbison","1987-05-23",6.4,27
13,1,"Steve Martin/Sting","Steve Martin","Sting","1987-10-17",7.1,35
13,2,"Sean Penn/L.L. Cool J, Michael Penn & The Pull","Sean Penn","LL Cool J & Michael Penn","1987-10-24",5.8,29
13,3,"Dabney Coleman/The Cars","Dabney Coleman","The Cars","1987-10-31",7.6,25
13,4,"Robert Mitchum/Simply Red","Robert Mitchum","Simply Red","1987-11-14",5.6,29
13,5,"Candice Bergen/Cher","Candice Bergen","Cher","1987-11-21",6.3,26
13,6,"Danny DeVito/Bryan Ferry","Danny DeVito","Bryan Ferry","1987-12-05",5.7,25
13,7,"Angie Dickinson/Buster Pointdexter/David Gilmour","Angie Dickinson","Buster PoindexterDavid Gilmour","1987-12-12",6.1,23
13,8,"Paul Simon/Linda Ronstadt","Paul Simon","Linda Ronstadt","1987-12-19",5.5,25
13,9,"Robin Williams/James Taylor","Robin Williams","James Taylor","1988-01-23",6.7,25
13,10,"Carl Weathers/Robbie Robertson","Carl Weathers","Robbie Robertson","1988-01-30",6,21
13,11,"Justine Bateman/Terrance Trent D'Arby","Justine Bateman","Terence Trent D'Arby","1988-02-13",6.4,23
13,12,"Tom Hanks/Randy Travis","Tom Hanks","Randy Travis","1988-02-20",5.8,32
13,13,"Judge Reinhold/10,000 Maniacs","Judge Reinhold","10,000 Maniacs","1988-02-27",6.4,21
14,1,"Tom Hanks/Keith Richards","Tom Hanks","Keith Richards","1988-10-08",6.8,43
14,2,"Matthew Broderick/The Sugarcubes","Matthew Broderick","The Sugarcubes","1988-10-15",5.4,30
14,3,"John Larroquette/Randy Newman & Mark Knopfler","John Larroquette","Randy NewmanMark Knopfler","1988-10-22",5.8,25
14,4,"Matthew Modine/Edie Brickell & New Bohemians","Matthew Modine","Edie Brickell and New Bohemians","1988-11-05",5.6,23
14,5,"Demi Moore/Johnny Clegg & Savuka","Demi Moore","Johnny Clegg & Savuka","1988-11-12",6.3,29
14,6,"John Lithgow/Tracy Chapman","John Lithgow","Tracy Chapman","1988-11-19",6.4,23
14,7,"Danny DeVito/The Bangles","Danny DeVito","The Bangles","1988-12-03",6.3,27
14,8,"Kevin Kline/Bobby McFerrin","Kevin Kline","Bobby McFerrin","1988-12-10",7,24
14,9,"Melanie Griffith/Little Feat","Melanie Griffith","Little Feat","1988-12-17",6.4,24
14,10,"John Malkovich/Anita Baker","John Malkovich","Anita Baker","1989-01-21",6.2,22
14,11,"Tony Danza/John Hiatt","Tony Danza","John Hiatt","1989-01-28",6.4,19
14,12,"Ted Danson/Luther Vandross","Ted Danson","Luther Vandross","1989-02-11",5.6,27
14,13,"Leslie Nielsen/Cowboy Junkies","Leslie Nielsen","Cowboy Junkies","1989-02-18",6.2,30
14,14,"Glenn Close/Gipsy Kings","Glenn Close","Gipsy Kings","1989-02-25",5.9,31
14,15,"Mary Tyler Moore/Elvis Costello","Mary Tyler Moore","Elvis Costello","1989-03-25",6.1,28
14,16,"Mel Gibson/Living Colour","Mel Gibson","Living Colour","1989-04-01",5.8,39
14,17,"Dolly Parton","Dolly Parton","Dolly Parton","1989-04-15",6,29
14,18,"Geena Davis/John Mellencamp","Geena Davis","John Cougar Mellencamp","1989-04-22",5.7,26
14,19,"Wayne Gretzky/Fine Young Cannibals","Wayne Gretzky","Fine Young Cannibals","1989-05-13",6.2,29
14,20,"Steve Martin/Tom Petty & The Heartbreakers","Steve Martin","Tom Petty & the Heartbreakers","1989-05-20",7.6,30
15,1,"Bruce Willis/Neil Young","Bruce Willis","Neil Young","1989-09-30",6.6,34
15,2,"Rick Moranis/Rickie Lee Jones","Rick Moranis","Rickie Lee Jones","1989-10-07",5.9,32
15,3,"Kathleen Turner/Billy Joel","Kathleen Turner","Billy Joel","1989-10-21",6.2,27
15,4,"James Woods/Don Henley","James Woods","Don Henley","1989-10-28",5.9,27
15,5,"Chris Evert/Eurythmics","Chris Evert","Eurythmics","1989-11-11",6,23
15,6,"Woody Harrelson/David Byrne","Woody Harrelson","David Byrne","1989-11-18",6,36
15,7,"John Goodman/k.d. lang","John Goodman","k.d. lang","1989-12-02",5.9,28
15,8,"Robert Wagner/Linda Ronstadt & Aaron Neville","Robert Wagner","Linda RonstadtAaron Neville","1989-12-09",6.1,21
15,9,"Andie MacDowell/Tracy Chapman","Andie MacDowell","Tracy Chapman","1989-12-16",5.3,22
15,10,"Ed O'Neill/Harry Connick Jr.","Ed O'Neill","Harry Connick, Jr.","1990-01-13",6.1,36
15,11,"Christopher Walken/Bonnie Raitt","Christopher Walken","Bonnie Raitt","1990-01-20",6.3,27
15,12,"Quincy Jones & Co.","Quincy Jones","Tevin Campbell, Kool Moe Dee & Big Daddy Kane","1990-02-10",5.5,26
15,13,"Tom Hanks/Aerosmith","Tom Hanks","Aerosmith","1990-02-17",6.7,40
15,14,"Fred Savage/Technotronic","Fred Savage","Technotronic","1990-02-24",6.5,30
15,15,"Rob Lowe/The Pogues","Rob Lowe","The Pogues","1990-03-17",6.1,37
15,16,"Debra Winger/Eric Clapton","Debra Winger","Eric Clapton","1990-03-24",5.8,28
15,17,"Corbin Bernsen/The Smithereens","Corbin Bernsen","The Smithereens","1990-04-14",5.9,26
15,18,"Alec Baldwin/The B-52's","Alec Baldwin","The B-52's","1990-04-21",6.5,44
15,19,"Andrew Dice Clay/Julee Cruise/Spanic Boys","Andrew Dice Clay","Julee Cruise & Spanic Boys","1990-05-12",6.6,38
15,20,"Candice Bergen/The Notting Hillbillies","Candice Bergen","The Notting Hillbillies","1990-05-19",4.9,23
16,1,"Kyle MacLachlan/Sinéad O'Connor","Kyle MacLachlan","Sinéad O'Connor","1990-09-29",7.3,52
16,2,"Susan Lucci/Hothouse Flowers","Susan Lucci","Hothouse Flowers","1990-10-06",6.5,28
16,3,"George Steinbrenner/Morris Day & The Time","George Steinbrenner","Morris Day & The Time","1990-10-20",6.2,30
16,4,"Patrick Swayze/Mariah Carey","Patrick Swayze","Mariah Carey","1990-10-27",7.9,59
16,5,"Jimmy Smits/World Party","Jimmy Smits","World Party","1990-11-10",6.2,27
16,6,"Dennis Hopper/Paul Simon","Dennis Hopper","Paul Simon","1990-11-17",6.5,25
16,7,"John Goodman/Faith No More","John Goodman","Faith No More","1990-12-01",6.9,39
16,8,"Tom Hanks/Edie Brickell & New Bohemians","Tom Hanks","Edie Brickell & New Bohemians","1990-12-08",6.7,42
16,9,"Dennis Quaid/The Neville Brothers","Dennis Quaid","The Neville Brothers","1990-12-15",5.7,30
16,10,"Joe Mantegna/Vanilla Ice","Joe Mantegna","Vanilla Ice","1991-01-12",6.5,31
16,11,"Sting","Sting","Sting","1991-01-19",6.4,36
16,12,"Kevin Bacon/INXS","Kevin Bacon","INXS","1991-02-09",6.5,29
16,13,"Roseanne Barr/Deee-lite","Roseanne Barr","Deee-Lite","1991-02-16",5.4,31
16,14,"Alec Baldwin/Whitney Houston","Alec Baldwin","Whitney Houston","1991-02-23",6.8,55
16,15,"Michael J. Fox/Black Crowes","Michael J. Fox","The Black Crowes","1991-03-16",6.6,39
16,16,"Jeremy Irons/Fishbone","Jeremy Irons","Fishbone","1991-03-23",7,35
16,17,"Catherine O'Hara/R.E.M.","Catherine O'Hara","R.E.M.","1991-04-13",6.6,31
16,18,"Steven Seagal/Michael Bolton","Steven Seagal","Michael Bolton","1991-04-20",6,43
16,19,"Delta Burke/Chris Isaak","Delta Burke","Chris Isaak","1991-05-11",6,28
16,20,"George Wendt/Elvis Costello","George Wendt","Elvis Costello","1991-05-18",5.9,35
17,1,"Michael Jordan/Public Enemy","Michael Jordan","Public Enemy","1991-09-28",7.2,59
17,2,"Jeff Daniels/Color Me Badd","Jeff Daniels","Color Me Badd","1991-10-05",7.4,34
17,3,"Kirstie Alley/Tom Petty & The Heartbreakers","Kirstie Alley","Tom Petty & The Heartbreakers","1991-10-12",6.9,29
17,4,"Christian Slater/Bonnie Raitt","Christian Slater","Bonnie Raitt","1991-10-26",7.8,37
17,5,"Kiefer Sutherland/Skid Row","Kiefer Sutherland","Skid Row","1991-11-02",7.7,34
17,6,"Linda Hamilton/Mariah Carey","Linda Hamilton","Mariah Carey","1991-11-16",7.9,52
17,7,"Macaulay Culkin/Tin Machine","Macaulay Culkin","Tin Machine","1991-11-23",7.4,44
17,8,"Hammer","MC Hammer","MC Hammer","1991-12-07",5,29
17,9,"Steve Martin/James Taylor","Steve Martin","James Taylor","1991-12-14",8,46
17,10,"Rob Morrow/Nirvana","Rob Morrow","Nirvana","1992-01-11",7.6,37
17,11,"Chevy Chase/Robbie Robertson","Chevy Chase","Robbie RobertsonBruce Hornsby & the Range","1992-01-18",6.8,33
17,12,"Susan Dey/C+C Music Factory","Susan Dey","C&C Music Factory","1992-02-08",7.6,25
17,13,"Jason Priestly/Teenage Fanclub","Jason Priestley","Teenage Fanclub","1992-02-15",7.8,34
17,14,"Roseanne & Tom Arnold/Red Hot Chili Peppers","Roseanne ArnoldTom Arnold","Red Hot Chili Peppers","1992-02-22",7.8,56
17,15,"John Goodman/Garth Brooks","John Goodman","Garth Brooks","1992-03-14",7.7,32
17,16,"Mary Stuart Masterson/En Vogue","Mary Stuart Masterson","En Vogue","1992-03-21",6.3,27
17,17,"Sharon Stone/Pearl Jam","Sharon Stone","Pearl Jam","1992-04-11",7.9,41
17,18,"Jerry Seinfeld/Annie Lennox","Jerry Seinfeld","Annie Lennox","1992-04-18",7.2,56
17,19,"Tom Hanks/Bruce Springsteen","Tom Hanks","Bruce Springsteen","1992-05-09",7.3,40
17,20,"Woody Harrelson/Vanessa Williams","Woody Harrelson","Vanessa Williams","1992-05-16",6.7,30
18,1,"Nicolas Cage/Bobby Brown","Nicolas Cage","Bobby Brown","1992-09-26",6.3,37
18,2,"Tim Robbins/Sinéad O'Connor","Tim Robbins","Sinéad O'Connor","1992-10-03",6.5,40
18,3,"Joe Pesci/Spin Doctors","Joe Pesci","The Spin Doctors","1992-10-10",6.7,41
18,4,"Christopher Walken/Arrested Development","Christopher Walken","Arrested Development","1992-10-24",7.7,45
18,5,"Catherine O'Hara/10,000 Maniacs","Catherine O'Hara","10,000 Maniacs","1992-10-31",6.8,35
18,6,"Michael Keaton/Morrissey","Michael Keaton","Morrissey","1992-11-14",7.2,37
18,7,"Sinbad/Sade","Sinbad","Sade","1992-11-21",5.1,26
18,8,"Tom Arnold/Neil Young","Tom Arnold","Neil Young","1992-12-05",5.5,33
18,9,"Glenn Close/Black Crowes","Glenn Close","The Black Crowes","1992-12-12",6.2,28
18,10,"Danny DeVito/Bon Jovi","Danny DeVito","Bon Jovi","1993-01-09",6.3,34
18,11,"Harvey Keitel/Madonna","Harvey Keitel","Madonna","1993-01-16",7.2,38
18,12,"Luke Perry/Mick Jagger","Luke Perry","Mick Jagger","1993-02-06",5.5,36
18,13,"Alec Baldwin/Paul McCartney","Alec Baldwin","Paul McCartney","1993-02-13",7.7,49
18,14,"Bill Murray/Sting","Bill Murray","Sting","1993-02-20",7.9,41
18,15,"John Goodman/Mary J. Blige","John Goodman","Mary J. Blige","1993-03-13",6.4,30
18,16,"Miranda Richardson/Soul Asylum","Miranda Richardson","Soul Asylum","1993-03-20",7.5,31
18,17,"Jason Alexander/Peter Gabriel","Jason Alexander","Peter Gabriel","1993-04-10",7.1,37
18,18,"Kirstie Alley/Lenny Kravitz","Kirstie Alley","Lenny Kravitz","1993-04-17",6.1,30
18,19,"Christina Applegate/Midnight Oil","Christina Applegate","Midnight Oil","1993-05-08",7.2,54
18,20,"Kevin Kline/Willie Nelson & Paul Simon","Kevin Kline","Willie Nelson & Paul Simon","1993-05-15",6,28
19,1,"Charles Barkley/Nirvana","Charles Barkley","Nirvana","1993-09-25",7.5,54
19,2,"Shannon Doherty/Cypress Hill","Shannen Doherty","Cypress Hill","1993-10-02",6.4,33
19,3,"Jeff Goldblum/Aerosmith","Jeff Goldblum","Aerosmith","1993-10-09",6.2,46
19,4,"John Malkovich/Billy Joel","John Malkovich","Billy Joel","1993-10-23",7.1,35
19,5,"Christian Slater/Smashing Pumpkins","Christian Slater","The Smashing Pumpkins","1993-10-30",6.7,35
19,6,"Rosie O'Donnell/James Taylor","Rosie O'Donnell","James TaylorDon Grolnick","1993-11-13",3.9,30
19,7,"Nicole Kidman/Stone Temple Pilots","Nicole Kidman","Stone Temple Pilots","1993-11-20",6.6,34
19,8,"Charlton Heston/Paul Westerberg","Charlton Heston","Paul Westerberg","1993-12-04",6.1,45
19,9,"Sally Field/Tony! Toni! Tone!","Sally Field","Tony! Toni! Toné!Lili Haydn","1993-12-11",6,32
19,10,"Jason Patric/Blind Melon","Jason Patric","Blind Melon","1994-01-08",5.9,32
19,11,"Sara Gilbert/Counting Crows","Sara Gilbert","Counting Crows","1994-01-15",6.3,43
19,12,"Patrick Stewart/Salt-N-Pepa","Patrick Stewart","Salt-N-Pepa","1994-02-05",7.5,39
19,13,"Alec Baldwin & Kim Basinger/UB40","Alec Baldwin and Kim Basinger","UB40","1994-02-12",6.2,37
19,14,"Martin Lawrence/Crash Test Dummies","Martin Lawrence","Crash Test Dummies","1994-02-19",5.8,41
19,15,"Nancy Kerrigan/Aretha Franklin","Nancy Kerrigan","Aretha Franklin","1994-03-12",4.5,30
19,16,"Helen Hunt/Snoop Doggy Dogg","Helen Hunt","Snoop Doggy Dogg","1994-03-19",6.9,34
19,17,"Kelsey Grammer/Dwight Yoakam","Kelsey Grammer","Dwight Yoakam","1994-04-09",5,26
19,18,"Emilio Estevez/Pearl Jam","Emilio Estevez","Pearl Jam","1994-04-16",7,34
19,19,"John Goodman/The Pretenders","John Goodman","The Pretenders","1994-05-07",5.4,27
19,20,"Heather Locklear/Janet Jackson","Heather Locklear","Janet Jackson","1994-05-14",6.3,32
20,1,"Steve Martin/Eric Clapton","Steve Martin","Eric Clapton","1994-09-24",7.6,39
20,2,"Marisa Tomei/Bonnie Raitt","Marisa Tomei","Bonnie Raitt","1994-10-01",6.9,34
20,3,"John Travolta/Seal","John Travolta","Seal","1994-10-15",8,46
20,4,"Dana Carvey/Edie Brickell & Paul Simon","Dana Carvey","Edie Brickell & Paul Simon","1994-10-22",6.5,32
20,5,"Sarah Jessica Parker/R.E.M.","Sarah Jessica Parker","R.E.M.","1994-11-12",6.2,32
20,6,"John Turturro/Tom Petty & the Heartbreakers","John Turturro","Tom Petty","1994-11-19",6.3,33
20,7,"Roseanne/Green Day","Roseanne","Green Day","1994-12-03",7,36
20,8,"Alec Baldwin/Beastie Boys","Alec Baldwin","Beastie Boys","1994-12-10",7.3,46
20,9,"George Foreman/Hole","George Foreman","Hole","1994-12-17",6.1,30
20,10,"Jeff Daniels/Luscious Jackson","Jeff Daniels","Luscious Jackson","1995-01-14",7.9,34
20,11,"David Hyde Pierce/Live","David Hyde Pierce","Live","1995-01-21",6.8,31
20,12,"Bob Newhart/Des'ree","Bob Newhart","Des'ree","1995-02-11",7.4,34
20,13,"Deion Sanders/Bon Jovi","Deion Sanders","Bon Jovi","1995-02-18",5.9,32
20,14,"George Clooney/The Cranberries","George Clooney","The Cranberries","1995-02-25",5.8,37
20,15,"Paul Reiser/Annie Lennox","Paul Reiser","Annie Lennox","1995-03-18",6.7,30
20,16,"John Goodman/Tragically Hip","John Goodman","The Tragically Hip","1995-03-25",7.7,39
20,17,"Damon Wayans/Dionne Farris","Damon Wayans","Dionne Farris","1995-04-08",7.1,29
20,18,"Courteney Cox/Dave Matthews Band","Courteney Cox","Dave Matthews Band","1995-04-15",7.4,43
20,19,"Bob Saget/TLC","Bob Saget","TLC","1995-05-06",6.7,37
20,20,"David Duchovny/Rod Stewart","David Duchovny","Rod Stewart","1995-05-13",8,43
21,1,"Mariel Hemingway/Blues Traveler","Mariel Hemingway","Blues Traveler","1995-09-30",6.9,33
21,2,"Chevy Chase/Lisa Loeb and Nine Stories","Chevy Chase","Lisa Loeb & Nine Stories","1995-10-07",6.5,35
21,3,"David Schwimmer/Natalie Merchant","David Schwimmer","Natalie Merchant","1995-10-21",5.9,31
21,4,"Gabriel Byrne/Alanis Morissette","Gabriel Byrne","Alanis Morissette","1995-10-28",6.4,29
21,5,"Quentin Tarantino/Smashing Pumpkins","Quentin Tarantino","The Smashing Pumpkins","1995-11-11",7.1,40
21,6,"Laura Leighton/Rancid","Laura Leighton","Rancid","1995-11-18",5.8,34
21,7,"Anthony Edwards/Foo Fighters","Anthony Edwards","Foo Fighters","1995-12-02",6.5,24
21,8,"David Alan Grier/Silverchair","David Alan Grier","Silverchair","1995-12-09",6.3,26
21,9,"Madeline Kahn/Bush","Madeline Kahn","Bush","1995-12-16",5.4,28
21,10,"Christopher Walken/Joan Osborne","Christopher Walken","Joan Osborne","1996-01-13",7.4,40
21,11,"Alec Baldwin/Tori Amos","Alec Baldwin","Tori Amos","1996-01-20",6.8,33
21,12,"Danny Aiello/Coolio","Danny Aiello","Coolio","1996-02-10",5.6,27
21,13,"Tom Arnold/Tupac Shakur","Tom Arnold","Tupac Shakur","1996-02-17",6.8,34
21,14,"Elle MacPherson/Sting","Elle Macpherson","Sting","1996-02-24",6.2,27
21,15,"John Goodman/Everclear","John Goodman","Everclear","1996-03-16",7.5,29
21,16,"Phil Hartman/Gin Blossoms","Phil Hartman","Gin Blossoms","1996-03-23",6.8,30
21,17,"Steve Forbes/Rage Against the Machine","Steve Forbes","Rage Against the Machine","1996-04-13",5.6,30
21,18,"Teri Hatcher/Dave Matthews Band","Teri Hatcher","Dave Matthews Band","1996-04-20",6.4,25
21,19,"Christine Baranski/The Cure","Christine Baranski","The Cure","1996-05-11",6.4,32
21,20,"Jim Carrey/Soundgarden","Jim Carrey","Soundgarden","1996-05-18",8.5,138
22,1,"Tom Hanks/Tom Petty & the Heartbreakers","Tom Hanks","Tom Petty & the Heartbreakers","1996-09-28",4.3,44
22,2,"Lisa Kudrow/Sheryl Crow","Lisa Kudrow","Sheryl Crow","1996-10-05",5.6,32
22,3,"Bill Pullman/New Edition","Bill Pullman","New Edition","1996-10-19",4.8,28
22,4,"Dana Carvey/Dr. Dre","Dana Carvey","Dr. Dre","1996-10-26",6.1,23
22,5,"Chris Rock/The Wallflowers","Chris Rock","The Wallflowers","1996-11-02",4.2,39
22,6,"Robert Downey Jr/Fiona Apple","Robert Downey, Jr.","Fiona Apple","1996-11-16",6.3,40
22,7,"Phil Hartman/Bush","Phil Hartman","Bush","1996-11-23",6,25
22,8,"Martin Short/No Doubt","Martin Short","No Doubt","1996-12-07",5.8,34
22,9,"Rosie O'Donnell/Whitney Houston","Rosie O'Donnell","Whitney Houston","1996-12-14",4,44
22,10,"Kevin Spacey/Beck","Kevin Spacey","Beck","1997-01-11",7.1,49
22,11,"David Alan Grier/Snoop Doggy Dogg","David Alan Grier","Snoop Doggy Dogg","1997-01-18",6.3,27
22,12,"Neve Campbell/David Bowie","Neve Campbell","David Bowie","1997-02-08",6.2,37
22,13,"Chevy Chase/Live","Chevy Chase","Live","1997-02-15",5.6,25
22,14,"Alec Baldwin/Tina Turner","Alec Baldwin","Tina Turner","1997-02-22",6,33
22,15,"Sting/Veruca Salt","Sting","Veruca Salt","1997-03-15",6,27
22,16,"Mike Myers/Aerosmith","Mike Myers","Aerosmith","1997-03-22",6.3,27
22,17,"Rob Lowe/Spice Girls","Rob Lowe","Spice Girls","1997-04-12",5.9,38
22,18,"Pamela Lee/Rollins Band","Pamela Anderson","Rollins Band","1997-04-19",3.7,36
22,19,"John Goodman/Jewel","John Goodman","Jewel","1997-05-10",6.3,37
22,20,"Jeff Goldblum/En Vogue","Jeff Goldblum","En Vogue","1997-05-17",6.3,25
23,1,"Sylvester Stallone/Jamiroquai","Sylvester Stallone","Jamiroquai","1997-09-27",7.4,43
23,2,"Matthew Perry/Oasis","Matthew Perry","Oasis","1997-10-04",6.2,41
23,3,"Brendan Fraser/Björk","Brendan Fraser","Björk","1997-10-18",5.4,41
23,4,"Chris Farley/The Mighty Mighty Bosstones","Chris Farley","The Mighty Mighty Bosstones","1997-10-25",6.6,50
23,5,"Jon Lovitz/Jane's Addiction","Jon Lovitz","Jane's Addiction","1997-11-08",5.6,30
23,6,"Claire Danes/Mariah Carey","Claire Danes","Mariah Carey","1997-11-15",5.2,43
23,7,"Rudy Giuliani/Sarah McLachlan","Rudolph Giuliani","Sarah McLachlan","1997-11-22",5.7,35
23,8,"Nathan Lane/Metallica","Nathan Lane","Metallica & Marianne Faithfull","1997-12-06",6.1,33
23,9,"Helen Hunt/Hanson","Helen Hunt","Hanson","1997-12-13",5.9,47
23,10,"Samuel L. Jackson/Ben Folds Five","Samuel L. Jackson","Ben Folds Five","1998-01-10",7.2,31
23,11,"Sarah Michelle Gellar/Portishead","Sarah Michelle Gellar","Portishead","1998-01-17",5.7,45
23,12,"John Goodman/Paula Cole","John Goodman","Paula Cole","1998-02-07",5.7,29
23,13,"Roma Downey/Missy 'Misdemeanor' Elliott","Roma Downey","Missy Misdemeanor Elliott","1998-02-14",5.2,25
23,14,"Garth Brooks","Garth Brooks","Garth Brooks","1998-02-28",6.6,40
23,15,"Scott Wolf/Natalie Imbruglia","Scott Wolf","Natalie Imbruglia","1998-03-07",4.5,26
23,16,"Julianne Moore/Backstreet Boys","Julianne Moore","Backstreet Boys","1998-03-14",4.8,32
23,17,"Steve Buscemi/Third Eye Blind","Steve Buscemi","Third Eye Blind","1998-04-04",6.7,50
23,18,"Greg Kinnear/All Saints","Greg Kinnear","All Saints","1998-04-11",5.6,26
23,19,"Matthew Broderick/Natalie Merchant","Matthew Broderick","Natalie Merchant","1998-05-02",5.8,37
23,20,"David Duchovny/Puff Daddy/Jimmy Page","David Duchovny","Puff DaddyJimmy Page","1998-05-09",5.5,57
24,1,"Cameron Diaz/Smashing Pumpkins","Cameron Diaz","The Smashing Pumpkins","1998-09-26",6.6,45
24,2,"Kelsey Grammer/Sheryl Crow","Kelsey Grammer","Sheryl Crow","1998-10-03",5.6,38
24,3,"Lucy Lawless/Elliott Smith","Lucy Lawless","Elliott Smith","1998-10-17",7.4,49
24,4,"Ben Stiller/Alanis Morrisette","Ben Stiller","Alanis Morissette","1998-10-24",5.9,40
24,5,"David Spade/Eagle-Eye Cherry","David Spade","Eagle-Eye Cherry","1998-11-07",5.3,37
24,6,"Joan Allen/Jewel","Joan Allen","Jewel","1998-11-14",5.2,26
24,7,"Jennifer Love Hewitt/Beastie Boys","Jennifer Love Hewitt","Beastie Boys","1998-11-21",5.5,52
24,8,"Vince Vaughn/Lauryn Hill","Vince Vaughn","Lauryn Hill","1998-12-05",5.6,31
24,9,"Alec Baldwin/Luciano Pavarotti, Vanessa Williams","Alec Baldwin","Luciano PavarottiVanessa WilliamsPhiladelphia Boys Choir & Chorale","1998-12-12",6.4,45
24,10,"Bill Paxton/Beck","Bill Paxton","Beck","1999-01-09",6.6,48
24,11,"James Van Der Beek/Everlast","James Van Der Beek","Everlast","1999-01-16",5.2,30
24,12,"Gwyneth Paltrow/Barenaked Ladies","Gwyneth Paltrow","Barenaked Ladies","1999-02-06",6.2,44
24,13,"Brendan Fraser/The Roots","Brendan Fraser","Busta RhymesThe Roots","1999-02-13",6.5,37
24,14,"Bill Murray/Lucinda Williams","Bill Murray","Lucinda Williams","1999-02-20",6,34
24,15,"Ray Romano/The Corrs","Ray Romano","The Corrs","1999-03-13",5.4,30
24,16,"Drew Barrymore/Garbage","Drew Barrymore","Garbage","1999-03-20",6.7,42
24,17,"John Goodman/Tom Petty & The Heartbreakers","John Goodman","Tom Petty & the Heartbreakers","1999-04-10",5.8,35
24,18,"Cuba Gooding, Jr./Ricky Martin","Cuba Gooding Jr.","Ricky Martin","1999-05-08",3.8,44
24,19,"Sarah Michelle Gellar/Backstreet Boys","Sarah Michelle Gellar","Backstreet Boys","1999-05-15",6.5,64
25,1,"Jerry Seinfeld/David Bowie","Jerry Seinfeld","David Bowie","1999-10-02",7.6,62
25,2,"Heather Graham/Marc Anthony","Heather Graham","Marc Anthony","1999-10-16",5.9,34
25,3,"Norm Macdonald/Dr. Dre & Snoop Dogg","Norm Macdonald","Dr. Dre featuringSnoop Dogg & Eminem","1999-10-23",7.4,39
25,4,"Dylan McDermott/Foo Fighters","Dylan McDermott","Foo Fighters","1999-11-06",6.1,32
25,5,"Garth Brooks/Chris Gaines","Garth Brooks","Garth Brooks as Chris Gaines","1999-11-13",6.4,35
25,6,"Jennifer Aniston/Sting","Jennifer Aniston","Sting","1999-11-20",6.6,58
25,7,"Christina Ricci/Beck","Christina Ricci","Beck","1999-12-04",5.9,36
25,8,"Danny DeVito/R.E.M.","Danny DeVito","R.E.M.","1999-12-11",6.1,36
25,9,"Jamie Foxx/Blink-182","Jamie Foxx","Blink-182","2000-01-08",5.8,35
25,10,"Freddie Prinze, Jr./Macy Gray","Freddie Prinze, Jr.","Macy Gray","2000-01-15",6.5,42
25,11,"Alan Cumming/Jennifer Lopez","Alan Cumming","Jennifer Lopez","2000-02-05",5.9,43
25,12,"Julianna Margulies/DMX","Julianna Margulies","DMX","2000-02-12",6.1,27
25,13,"Ben Affleck/Fiona Apple","Ben Affleck","Fiona Apple","2000-02-19",6.8,54
25,14,"Joshua Jackson/'N Sync","Joshua Jackson","'N Sync","2000-03-11",6.3,48
25,15,"The Rock/AC/DC","The Rock (Dwayne Johnson)","AC/DC","2000-03-18",7.2,53
25,16,"Christopher Walken/Christina Aguilera","Christopher Walken","Christina Aguilera","2000-04-08",8.1,73
25,17,"Tobey Maguire/Sisqo","Tobey Maguire","Sisqó","2000-04-15",6.9,44
25,18,"John Goodman/Neil Young","John Goodman","Neil Young","2000-05-06",6.2,30
25,19,"Britney Spears","Britney Spears","Britney Spears","2000-05-13",4.9,66
25,20,"Jackie Chan/Kid Rock","Jackie Chan","Kid Rock","2000-05-20",5.7,62
26,1,"Rob Lowe/Eminem","Rob Lowe","Eminem","2000-10-07",6.4,56
26,2,"Kate Hudson/Radiohead","Kate Hudson","Radiohead","2000-10-14",7.2,54
26,3,"Dana Carvey/The Wallflowers","Dana Carvey","The Wallflowers","2000-10-21",5.5,47
26,4,"Charlize Theron/Paul Simon","Charlize Theron","Paul Simon","2000-11-04",5.4,42
26,5,"Calista Flockhart/Ricky Martin","Calista Flockhart","Ricky Martin","2000-11-11",4.7,39
26,6,"Tom Green/David Gray","Tom Green","David Gray","2000-11-18",5.3,54
26,7,"Val Kilmer/U2","Val Kilmer","U2","2000-12-09",6.4,49
26,8,"Lucy Liu/Jay-Z","Lucy Liu","Jay-Z","2000-12-16",5.7,45
26,9,"Charlie Sheen/Nelly Furtado","Charlie Sheen","Nelly Furtado","2001-01-13",5.4,39
26,10,"Mena Suvari/Lenny Kravitz","Mena Suvari","Lenny Kravitz","2001-01-20",5.5,33
26,11,"Jennifer Lopez","Jennifer Lopez","Jennifer Lopez","2001-02-10",5.1,44
26,12,"Sean Hayes/Shaggy","Sean Hayes","Shaggy","2001-02-17",6.5,39
26,13,"Katie Holmes/Dave Matthews Band","Katie Holmes","Dave Matthews Band","2001-02-24",5.5,42
26,14,"Conan O'Brien/Don Henley","Conan O'Brien","Don Henley","2001-03-10",7.5,69
26,15,"Julia Stiles/Aerosmith","Julia Stiles","Aerosmith","2001-03-17",6.1,45
26,16,"Alec Baldwin/Coldplay","Alec Baldwin","Coldplay","2001-04-07",6,49
26,17,"Renée Zellweger/Eve","Renée Zellweger","Eve","2001-04-14",5.2,44
26,18,"Pierce Brosnan/Destiny's Child","Pierce Brosnan","Destiny's Child","2001-05-05",6.9,52
26,19,"Lara Flynn Boyle/Bon Jovi","Lara Flynn Boyle","Bon Jovi","2001-05-12",5.7,27
26,20,"Christopher Walken/Weezer","Christopher Walken","Weezer","2001-05-19",7.4,50
27,1,"Reese Witherspoon/Alicia Keys","Reese Witherspoon","Alicia Keys","2001-09-29",6.7,40
27,2,"Seann William Scott/Sum41","Seann William Scott","Sum 41","2001-10-06",7.3,42
27,3,"Drew Barrymore/Macy Gray","Drew Barrymore","Macy Gray","2001-10-13",5.5,42
27,4,"John Goodman/Ja Rule","John Goodman","Ja Rule","2001-11-03",5.9,35
27,5,"Gwyneth Paltrow/Ryan Adams","Gwyneth Paltrow","Ryan Adams","2001-11-10",6,41
27,6,"Billy Bob Thornton/Creed","Billy Bob Thornton","Creed","2001-11-17",5.3,39
27,7,"Derek Jeter/Shakira/Bubba Sparxxx","Derek Jeter","ShakiraBubba Sparxxx","2001-12-01",6.5,49
27,8,"Hugh Jackman/Mick Jagger","Hugh Jackman","Mick Jagger","2001-12-08",6.9,67
27,9,"Ellen Degeneres/No Doubt","Ellen DeGeneres","No Doubt","2001-12-15",5.9,40
27,10,"Josh Hartnett/Pink","Josh Hartnett","Pink","2002-01-12",5.9,47
27,11,"Jack Black/The Strokes","Jack Black","The Strokes","2002-01-19",6,50
27,12,"Britney Spears","Britney Spears","Britney Spears","2002-02-02",6.3,58
27,13,"Jonny Moseley/Outkast","Jonny Moseley","Outkast","2002-03-02",5,28
27,14,"Jon Stewart/India.Arie","Jon Stewart","India.Arie","2002-03-09",6.1,37
27,15,"Ian McKellen/Kylie Minogue","Ian McKellen","Kylie Minogue","2002-03-16",7.4,53
27,16,"Cameron Diaz/Jimmy Eat World","Cameron Diaz","Jimmy Eat World","2002-04-06",5.4,31
27,17,"The Rock/Andrew W.K.","Dwayne Johnson","Andrew W.K.","2002-04-13",5.4,43
27,18,"Alec Baldwin/P.O.D.","Alec Baldwin","P.O.D.","2002-04-20",5.8,46
27,19,"Kirsten Dunst/Eminem","Kirsten Dunst","Eminem","2002-05-11",5.9,50
27,20,"Winona Ryder/Moby","Winona Ryder","Moby","2002-05-18",6.5,63
28,1,"Matt Damon/Bruce Springsteen & The E Street Band","Matt Damon","Bruce Springsteen & the E Street Band","2002-10-05",6.3,58
28,2,"Sarah Michelle Gellar/Faith Hill","Sarah Michelle Gellar","Faith Hill","2002-10-12",6.6,65
28,3,"Senator John McCain/The White Stripes","John McCain","The White Stripes","2002-10-19",5.3,63
28,4,"Eric McCormack/Jay-Z","Eric McCormack","Jay-Z","2002-11-02",4.7,30
28,5,"Nia Vardalos/Eve","Nia Vardalos","Eve","2002-11-09",4.3,27
28,6,"Brittany Murphy/Nelly","Brittany Murphy","Nelly","2002-11-16",5.5,36
28,7,"Robert De Niro/Norah Jones","Robert De Niro","Norah Jones","2002-12-07",5.6,43
28,8,"Al Gore/Phish","Al Gore","Phish","2002-12-14",6.1,56
28,9,"Jeff Gordon/Avril Lavigne","Jeff Gordon","Avril Lavigne","2003-01-11",6.1,39
28,10,"Ray Liotta/The Donnas","Ray Liotta","The Donnas","2003-01-18",5.4,30
28,11,"Matthew McConaughey/Dixie Chicks","Matthew McConaughey","Dixie Chicks","2003-02-08",5.9,31
28,12,"Jennifer Garner/Beck","Jennifer Garner","Beck","2003-02-15",6.1,40
28,13,"Christopher Walken/Foo Fighters","Christopher Walken","Foo Fighters","2003-02-22",6.7,48
28,14,"Queen Latifah/Ms. Dynamite","Queen Latifah","Ms. Dynamite","2003-03-08",4,35
28,15,"Salma Hayek/Christina Aguilera","Salma Hayek","Christina Aguilera","2003-03-15",6,42
28,16,"Bernie Mac/Good Charlotte","Bernie Mac","Good Charlotte","2003-04-05",4.5,30
28,17,"Ray Romano/Zwan","Ray Romano","Zwan","2003-04-12",4.9,26
28,18,"Ashton Kutcher/50 Cent","Ashton Kutcher","50 Cent","2003-05-03",3.9,38
28,19,"Adrien Brody/Sean Paul & Wayne Wonder","Adrien Brody","Sean PaulWayne Wonder","2003-05-10",5.6,41
28,20,"Dan Aykroyd/Beyonce","Dan Aykroyd","Beyoncé","2003-05-17",5.4,38
29,1,"Jack Black/John Mayer","Jack Black","John Mayer","2003-10-04",5.3,39
29,2,"Justin Timberlake","Justin Timberlake","Justin Timberlake","2003-10-11",7.5,66
29,3,"Halle Berry/Britney Spears","Halle Berry","Britney Spears","2003-10-18",5.2,43
29,4,"Kelly Ripa/Outkast","Kelly Ripa","Outkast","2003-11-01",4.6,27
29,5,"Andy Roddick/Dave Matthews","Andy Roddick","Dave Matthews & Friends","2003-11-08",4.6,27
29,6,"Alec Baldwin/Missy Elliott","Alec Baldwin","Missy Elliott","2003-11-15",5.8,43
29,7,"Al Sharpton/Pink","Al Sharpton","Pink","2003-12-06",3.8,48
29,8,"Elijah Wood/Jet","Elijah Wood","Jet","2003-12-13",6.4,46
29,9,"Jennifer Aniston/Black Eyed Peas","Jennifer Aniston","The Black Eyed Peas","2004-01-10",7.1,47
29,10,"Jessica Simpson and Nick Lachey/G-Unit","Jessica Simpson & Nick Lachey","G-Unit","2004-01-17",5.4,39
29,11,"Megan Mullally/Clay Aiken","Megan Mullally","Clay Aiken","2004-02-07",5.9,46
29,12,"Drew Barrymore/Kelis","Drew Barrymore","Kelis","2004-02-14",6.2,42
29,13,"Christina Aguilera/Maroon 5","Christina Aguilera","Maroon 5","2004-02-21",6.2,46
29,14,"Colin Firth/Norah Jones","Colin Firth","Norah Jones","2004-03-06",6.5,53
29,15,"Ben Affleck/N.E.R.D.","Ben Affleck","N*E*R*D","2004-03-13",5.6,39
29,16,"Donald Trump/Toots and the Maytals","Donald Trump","Toots & the Maytals featuring Ben Harper, Jack Johnson, Bootsy Collins, and The Roots","2004-04-03",5.6,44
29,17,"Janet Jackson","Janet Jackson","Janet Jackson","2004-04-10",5.9,37
29,18,"Lindsay Lohan/Usher","Lindsay Lohan","Usher","2004-05-01",6.8,83
29,19,"Snoop Dogg/Avril Lavigne","Snoop Dogg","Avril Lavigne","2004-05-08",5.1,40
29,20,"Mary-Kate & Ashley Olsen/J-Kwon","Mary-Kate and Ashley Olsen","J-Kwon","2004-05-15",5.7,56
30,1,"Ben Affleck/Nelly","Ben Affleck","Nelly","2004-10-02",6.9,53
30,2,"Queen Latifah","Queen Latifah","Queen Latifah","2004-10-09",5.3,43
30,3,"Jude Law/Ashlee Simpson","Jude Law","Ashlee Simpson","2004-10-23",6.5,64
30,4,"Kate Winslet/Eminem","Kate Winslet","Eminem","2004-10-30",5.9,60
30,5,"Liam Neeson/Modest Mouse","Liam Neeson","Modest Mouse","2004-11-13",6.3,41
30,6,"Luke Wilson/U2","Luke Wilson","U2","2004-11-20",5.9,41
30,7,"Colin Farrell/Scissor Sisters","Colin Farrell","Scissor Sisters","2004-12-11",6,52
30,8,"Robert De Niro/Destiny's Child","Robert De Niro","Destiny's Child","2004-12-18",6.1,56
30,9,"Topher Grace/The Killers","Topher Grace","The Killers","2005-01-15",6.9,54
30,10,"Paul Giamatti/Ludacris featuring Sum-41","Paul Giamatti","Ludacris featuring Sum 41","2005-01-22",5.7,35
30,11,"Paris Hilton/Keane","Paris Hilton","Keane","2005-02-05",3.4,79
30,12,"Jason Bateman/Kelly Clarkson","Jason Bateman","Kelly Clarkson","2005-02-12",7.4,47
30,13,"Hilary Swank/50 Cent","Hilary Swank","50 Cent","2005-02-19",4.8,42
30,14,"David Spade/Jack Johnson","David Spade","Jack Johnson","2005-03-12",5.7,46
30,15,"Ashton Kutcher/Gwen Stefani","Ashton Kutcher","Gwen Stefani","2005-03-19",4.5,50
30,16,"Cameron Diaz/Green Day","Cameron Diaz","Green Day","2005-04-09",5.4,60
30,17,"Tom Brady/Beck","Tom Brady","Beck","2005-04-16",6.4,48
30,18,"Johnny Knoxville/System of a Down","Johnny Knoxville","System of a Down","2005-05-07",5.8,58
30,19,"Will Ferrell/Queens of the Stone Age","Will Ferrell","Queens of the Stone Age","2005-05-14",7.4,59
30,20,"Lindsay Lohan/Coldplay","Lindsay Lohan","Coldplay","2005-05-21",5.7,60
31,1,"Steve Carell/Kanye West","Steve Carell","Kanye West","2005-10-01",6.2,83
31,2,"Jon Heder/Ashlee Simpson","Jon Heder","Ashlee Simpson","2005-10-08",4.7,49
31,3,"Catherine Zeta-Jones/Franz Ferdinand","Catherine Zeta-Jones","Franz Ferdinand","2005-10-22",6.5,49
31,4,"Lance Armstrong/Sheryl Crow","Lance Armstrong","Sheryl Crow","2005-10-29",5.1,38
31,5,"Jason Lee/Foo Fighters","Jason Lee","Foo Fighters","2005-11-12",6.2,49
31,6,"Eva Longoria/Korn","Eva Longoria","Korn","2005-11-19",6.2,49
31,7,"Dane Cook/James Blunt","Dane Cook","James Blunt","2005-12-03",5.2,86
31,8,"Alec Baldwin/Shakira","Alec Baldwin","Shakira","2005-12-10",6.2,59
31,9,"Jack Black/Neil Young","Jack Black","Neil Young","2005-12-17",6.8,79
31,10,"Scarlett Johansson/Death Cab for Cutie","Scarlett Johansson","Death Cab for Cutie","2006-01-14",6.9,72
31,11,"Peter Sarsgaard/The Strokes","Peter Sarsgaard","The Strokes","2006-01-21",6.6,52
31,12,"Steve Martin/Prince","Steve Martin","Prince","2006-02-04",7.6,64
31,13,"Natalie Portman/Fall Out Boy","Natalie Portman","Fall Out Boy","2006-03-04",8,111
31,14,"Matt Dillon/Arctic Monkeys","Matt Dillon","Arctic Monkeys","2006-03-11",6.3,48
31,15,"Antonio Banderas/Mary J. Blige","Antonio Banderas","Mary J. Blige","2006-04-08",5.9,47
31,16,"Lindsay Lohan/Pearl Jam","Lindsay Lohan","Pearl Jam","2006-04-15",6.5,63
31,17,"Tom Hanks/Red Hot Chili Peppers","Tom Hanks","Red Hot Chili Peppers","2006-05-06",6.4,67
31,18,"Julia Louis-Dreyfus/Paul Simon","Julia Louis-Dreyfus","Paul Simon","2006-05-13",6.7,65
31,19,"Kevin Spacey/Nelly Furtado","Kevin Spacey","Nelly Furtado","2006-05-20",6.5,63
32,1,"Dane Cook/The Killers","Dane Cook","The Killers","2006-09-30",5.6,98
32,2,"Jaime Pressly/Corinne Bailey Rae","Jaime Pressly","Corinne Bailey Rae","2006-10-07",5.6,56
32,3,"John C. Reilly/My Chemical Romance","John C. Reilly","My Chemical Romance","2006-10-21",6.7,79
32,4,"Hugh Laurie/Beck","Hugh Laurie","Beck","2006-10-28",7.5,99
32,5,"Alec Baldwin/Christina Aguilera","Alec Baldwin","Christina Aguilera","2006-11-11",7.5,86
32,6,"Chris 'Ludacris' Bridges","Ludacris","Ludacris","2006-11-18",5.7,46
32,7,"Matthew Fox/Tenacious D","Matthew Fox","Tenacious D","2006-12-02",7.4,67
32,8,"Annette Bening/Gwen Stefani/Akon","Annette Bening","Gwen Stefani and Akon","2006-12-09",6.8,56
32,9,"Justin Timberlake","Justin Timberlake","Justin Timberlake","2006-12-16",8.5,209
32,10,"Jake Gyllenhaal/The Shins","Jake Gyllenhaal","The Shins","2007-01-13",7.8,100
32,11,"Jeremy Piven/AFI","Jeremy Piven","AFI","2007-01-20",7.4,73
32,12,"Drew Barrymore/Lily Allen","Drew Barrymore","Lily Allen","2007-02-03",7.5,77
32,13,"Forest Whitaker/Keith Urban","Forest Whitaker","Keith Urban","2007-02-10",6.5,47
32,14,"Rainn Wilson/Arcade Fire","Rainn Wilson","Arcade Fire","2007-02-24",7.4,75
32,15,"Julia Louis-Dreyfus/Snow Patrol","Julia Louis-Dreyfus","Snow Patrol","2007-03-17",7.1,60
32,16,"Peyton Manning/Carrie Underwood","Peyton Manning","Carrie Underwood","2007-03-24",8.2,137
32,17,"Shia LaBeouf/Avril Lavigne","Shia LaBeouf","Avril Lavigne","2007-04-14",7.3,131
32,18,"Scarlett Johansson/Björk","Scarlett Johansson","Björk","2007-04-21",7.4,84
32,19,"Molly Shannon/Linkin Park","Molly Shannon","Linkin Park","2007-05-12",7.9,52
32,20,"Zach Braff/Maroon 5","Zach Braff","Maroon 5","2007-05-19",7.4,80
33,1,"LeBron James/Kanye West","LeBron James","Kanye West","2007-09-29",6.9,100
33,2,"Seth Rogen/Spoon","Seth Rogen","Spoon","2007-10-06",7.3,79
33,3,"Jon Bon Jovi/Foo Fighters","Jon Bon Jovi","Foo Fighters","2007-10-13",7.1,74
33,4,"Brian Williams/Feist","Brian Williams","Feist","2007-11-03",7.6,65
33,5,"Tina Fey/Carrie Underwood","Tina Fey","Carrie Underwood","2008-02-23",8,109
33,6,"Ellen Page/Wilco","Ellen Page","Wilco","2008-03-01",7.4,118
33,7,"Amy Adams/Vampire Weekend","Amy Adams","Vampire Weekend","2008-03-08",7.7,92
33,8,"Jonah Hill/Mariah Carey","Jonah Hill","Mariah Carey","2008-03-15",6.7,81
33,9,"Christopher Walken/Panic at the Disco","Christopher Walken","Panic! at the Disco","2008-04-05",8,104
33,10,"Ashton Kutcher/Gnarls Barkley","Ashton Kutcher","Gnarls Barkley","2008-04-12",7,74
33,11,"Shia LaBeouf/My Morning Jacket","Shia LaBeouf","My Morning Jacket","2008-05-10",7.8,84
33,12,"Steve Carell/Usher","Steve Carell","Usher","2008-05-17",7.8,91
34,1,"Michael Phelps/Lil' Wayne","Michael Phelps","Lil Wayne","2008-09-13",6,119
34,2,"James Franco/Kings of Leon","James Franco","Kings of Leon","2008-09-20",6.7,121
34,3,"Anna Faris/Duffy","Anna Faris","Duffy","2008-09-27",6.5,80
34,4,"Anne Hathaway/The Killers","Anne Hathaway","The Killers","2008-10-04",7.7,136
34,5,"Josh Brolin/Adele","Josh Brolin","Adele","2008-10-18",7.7,114
34,6,"Jon Hamm/Coldplay","Jon Hamm","Coldplay","2008-10-25",7.6,101
34,7,"Ben Affleck/David Cook","Ben Affleck","David Cook","2008-11-01",7.1,96
34,8,"Paul Rudd/Beyoncé","Paul Rudd","Beyoncé","2008-11-15",7.7,123
34,9,"Tim McGraw/Ludacris/T-Pain","Tim McGraw","Ludacris & T-Pain","2008-11-22",6.4,55
34,10,"John Malkovich/T.I.","John Malkovich","T.I.","2008-12-06",7.3,93
34,11,"Hugh Laurie/Kanye West","Hugh Laurie","Kanye West","2008-12-13",6.7,89
34,12,"Neil Patrick Harris/Taylor Swift","Neil Patrick Harris","Taylor Swift","2009-01-10",7.1,108
34,13,"Rosario Dawson/Fleet Foxes","Rosario Dawson","Fleet Foxes","2009-01-17",5.9,74
34,14,"Steve Martin/Jason Mraz","Steve Martin","Jason Mraz","2009-01-31",6.3,79
34,15,"Bradley Cooper/TV on the Radio","Bradley Cooper","TV on the Radio","2009-02-07",6.4,80
34,16,"Alec Baldwin/Jonas Brothers","Alec Baldwin","Jonas Brothers","2009-02-14",6.8,95
34,17,"Dwayne Johnson/Ray LaMontagne","Dwayne Johnson","Ray LaMontagne","2009-03-07",7.4,87
34,18,"Tracy Morgan/Kelly Clarkson","Tracy Morgan","Kelly Clarkson","2009-03-14",6.3,75
34,19,"Seth Rogen/Phoenix","Seth Rogen","Phoenix","2009-04-04",6.2,77
34,20,"Zac Efron/Yeah Yeah Yeahs","Zac Efron","Yeah Yeah Yeahs","2009-04-11",6.9,107
34,21,"Justin Timberlake/Ciara","Justin Timberlake","Ciara","2009-05-09",8.1,174
34,22,"Will Ferrell/Green Day","Will Ferrell","Green Day","2009-05-16",7.9,125
35,1,"Megan Fox/U2","Megan Fox","U2","2009-09-26",6.3,136
35,2,"Ryan Reynolds/Lady Gaga","Ryan Reynolds","Lady Gaga","2009-10-03",7.3,171
35,3,"Drew Barrymore/Regina Spektor","Drew Barrymore","Regina Spektor","2009-10-10",6,98
35,4,"Gerard Butler/Shakira","Gerard Butler","Shakira","2009-10-17",7.1,115
35,5,"Taylor Swift","Taylor Swift","Taylor Swift","2009-11-07",7.1,164
35,6,"January Jones/Black Eyed Peas","January Jones","The Black Eyed Peas","2009-11-14",4.4,101
35,7,"Joseph Gordon-Levitt/Dave Matthews Band","Joseph Gordon-Levitt","Dave Matthews Band","2009-11-21",7.5,130
35,8,"Blake Lively/Rihanna","Blake Lively","Rihanna","2009-12-05",6.6,119
35,9,"Taylor Lautner/Bon Jovi","Taylor Lautner","Bon Jovi","2009-12-12",5.9,125
35,10,"James Franco/Muse","James Franco","Muse","2009-12-19",6.9,124
35,11,"Charles Barkley/Alicia Keys","Charles Barkley","Alicia Keys","2010-01-09",6.2,79
35,12,"Sigourney Weaver/The Ting Tings","Sigourney Weaver","The Ting Tings","2010-01-16",6.5,90
35,13,"Jon Hamm/Michael Bublé","Jon Hamm","Michael Bublé","2010-01-30",7.4,119
35,14,"Ashton Kutcher/Them Crooked Vultures","Ashton Kutcher","Them Crooked Vultures","2010-02-06",6,86
35,15,"Jennifer Lopez","Jennifer Lopez","Jennifer Lopez","2010-02-27",6.2,95
35,16,"Zach Galifianakis/Vampire Weekend","Zach Galifianakis","Vampire Weekend","2010-03-06",7.9,139
35,17,"Jude Law/Pearl Jam","Jude Law","Pearl Jam","2010-03-13",6.6,96
35,18,"Tina Fey/Justin Bieber","Tina Fey","Justin Bieber","2010-04-10",7.4,155
35,19,"Ryan Phillippe/Ke$ha","Ryan Phillippe","Ke$ha","2010-04-17",6.1,91
35,20,"Gabourey Sidibe/MGMT","Gabourey Sidibe","MGMT","2010-04-24",5.7,95
35,21,"Betty White/Jay-Z","Betty White","Jay-Z","2010-05-08",8.8,344
35,22,"Alec Baldwin/Tom Petty & the Heartbreakers","Alec Baldwin","Tom Petty and the Heartbreakers","2010-05-15",6.6,97
36,1,"Amy Poehler/Katy Perry","Amy Poehler","Katy Perry","2010-09-25",7.5,150
36,2,"Bryan Cranston/Kanye West","Bryan Cranston","Kanye West","2010-10-02",6.9,129
36,3,"Jane Lynch/Bruno Mars","Jane Lynch","Bruno Mars","2010-10-09",6.4,103
36,4,"Emma Stone/Kings of Leon","Emma Stone","Kings of Leon","2010-10-23",7.3,143
36,5,"Jon Hamm/Rihanna","Jon Hamm","Rihanna","2010-10-30",6.9,113
36,6,"Scarlett Johansson/Arcade Fire","Scarlett Johansson","Arcade Fire","2010-11-13",6.5,124
36,7,"Anne Hathaway/Florence and the Machine","Anne Hathaway","Florence + the Machine","2010-11-20",7.1,121
36,8,"Robert De Niro/Diddy-Dirty Money","Robert De Niro","Diddy-Dirty Money","2010-12-04",6,117
36,9,"Paul Rudd/Paul McCartney","Paul Rudd","Paul McCartney","2010-12-11",6.5,116
36,10,"Jeff Bridges/Eminem and Lil Wayne","Jeff Bridges","Eminem and Lil Wayne","2010-12-18",6.2,106
36,11,"Jim Carrey/The Black Keys","Jim Carrey","The Black Keys","2011-01-08",7.4,136
36,12,"Gwyneth Paltrow/Cee Lo Green","Gwyneth Paltrow","Cee Lo Green","2011-01-15",6.5,109
36,13,"Jesse Eisenberg/Nicki Minaj","Jesse Eisenberg","Nicki Minaj","2011-01-29",7.4,136
36,14,"Dana Carvey/Linkin Park","Dana Carvey","Linkin Park","2011-02-05",7.4,113
36,15,"Russell Brand/Chris Brown","Russell Brand","Chris Brown","2011-02-12",6.2,114
36,16,"Miley Cyrus/The Strokes","Miley Cyrus","The Strokes","2011-03-05",6.2,123
36,17,"Zach Galifianakis/Jessie J","Zach Galifianakis","Jessie J","2011-03-12",7.2,127
36,18,"Elton John/Leon Russell","Elton John","Elton John and Leon Russell","2011-04-02",6.3,98
36,19,"Helen Mirren/Foo Fighters","Helen Mirren","Foo Fighters","2011-04-09",6.5,93
36,20,"Tina Fey/Ellie Goulding","Tina Fey","Ellie Goulding","2011-05-07",7,116
36,21,"Ed Helms/Paul Simon","Ed Helms","Paul Simon","2011-05-14",6,94
36,22,"Justin Timberlake/Lady Gaga","Justin Timberlake","Lady Gaga","2011-05-21",8.4,230
37,1,"Alec Baldwin/Radiohead","Alec Baldwin","Radiohead","2011-09-24",7.3,162
37,2,"Melissa McCarthy/Lady Antebellum","Melissa McCarthy","Lady Antebellum","2011-10-01",7.6,171
37,3,"Ben Stiller/Foster the People","Ben Stiller","Foster the People","2011-10-08",7.4,144
37,4,"Anna Faris/Drake","Anna Faris","Drake","2011-10-15",6,140
37,5,"Charlie Day/Maroon 5","Charlie Day","Maroon 5","2011-11-05",7.3,142
37,6,"Emma Stone/Coldplay","Emma Stone","Coldplay","2011-11-12",7.5,155
37,7,"Jason Segel/Florence and the Machine","Jason Segel","Florence + The Machine","2011-11-19",7.8,152
37,8,"Steve Buscemi/The Black Keys","Steve Buscemi","The Black Keys","2011-12-03",7,114
37,9,"Katy Perry/Robyn","Katy Perry","Robyn","2011-12-10",7.4,153
37,10,"Jimmy Fallon/Michael Bublé","Jimmy Fallon","Michael Bublé","2011-12-17",8.5,238
37,11,"Charles Barkley/Kelly Clarkson","Charles Barkley","Kelly Clarkson","2012-01-07",5.9,120
37,12,"Daniel Radcliffe/Lana Del Rey","Daniel Radcliffe","Lana Del Rey","2012-01-14",6.7,167
37,13,"Channing Tatum/Bon Iver","Channing Tatum","Bon Iver","2012-02-04",6.2,131
37,14,"Zooey Deschanel/Karmin","Zooey Deschanel","Karmin","2012-02-11",7.6,162
37,15,"Maya Rudolph/Sleigh Bells","Maya Rudolph","Sleigh Bells","2012-02-18",8.1,173
37,16,"Lindsay Lohan/Jack White","Lindsay Lohan","Jack White","2012-03-03",5.8,156
37,17,"Jonah Hill/The Shins","Jonah Hill","The Shins","2012-03-10",7.1,130
37,18,"Sofía Vergara/One Direction","Sofía Vergara","One Direction","2012-04-07",7.5,157
37,19,"Josh Brolin/Gotye","Josh Brolin","Gotye","2012-04-14",6.9,112
37,20,"Eli Manning/Rihanna","Eli Manning","Rihanna","2012-05-05",6.5,115
37,21,"Will Ferrell/Usher","Will Ferrell","Usher","2012-05-12",7.7,111
37,22,"Mick Jagger","Mick Jagger","Mick Jagger
(with Arcade Fire, Foo Fighters, Jeff Beck)","2012-05-19",8,151
38,1,"Seth MacFarlane/Frank Ocean","Seth MacFarlane","Frank Ocean","2012-09-15",7.9,261
38,2,"Joseph Gordon-Levitt/Mumford & Sons","Joseph Gordon-Levitt","Mumford & Sons","2012-09-22",7.1,191
38,3,"Daniel Craig/Muse","Daniel Craig","Muse","2012-10-06",6.3,150
38,4,"Christina Applegate/Passion Pit","Christina Applegate","Passion Pit","2012-10-13",6.8,140
38,5,"Bruno Mars","Bruno Mars","Bruno Mars","2012-10-20",7.5,178
38,6,"Louis C.K./Fun","Louis C.K.","fun.","2012-11-03",7.5,195
38,7,"Anne Hathaway/Rihanna","Anne Hathaway","Rihanna","2012-11-10",7.6,176
38,8,"Jeremy Renner/Maroon 5","Jeremy Renner","Maroon 5","2012-11-17",6.7,162
38,9,"Jamie Foxx/Ne-Yo","Jamie Foxx","Ne-Yo","2012-12-08",6.7,134
38,10,"Martin Short/Paul McCartney","Martin Short","Paul McCartney","2012-12-15",7.9,160
38,11,"Jennifer Lawrence/The Lumineers","Jennifer Lawrence","The Lumineers","2013-01-19",6.9,199
38,12,"Adam Levine/Kendrick Lamar","Adam Levine","Kendrick Lamar","2013-01-26",6.6,157
38,13,"Justin Bieber","Justin Bieber","Justin Bieber","2013-02-09",4.1,211
38,14,"Christoph Waltz/Alabama Shakes","Christoph Waltz","Alabama Shakes","2013-02-16",7.2,178
38,15,"Kevin Hart/Macklemore & Ryan Lewis","Kevin Hart","Macklemore and Ryan Lewis","2013-03-02",6.6,140
38,16,"Justin Timberlake","Justin Timberlake","Justin Timberlake","2013-03-09",8.5,273
38,17,"Melissa McCarthy/Phoenix","Melissa McCarthy","Phoenix","2013-04-06",7.2,133
38,18,"Vince Vaughn/Miguel","Vince Vaughn","Miguel","2013-04-13",5.2,98
38,19,"Zach Galifianakis/Of Monsters and Men","Zach Galifianakis","Of Monsters and Men","2013-05-04",7.7,132
38,20,"Kristen Wiig/Vampire Weekend","Kristen Wiig","Vampire Weekend","2013-05-11",7.3,130
38,21,"Ben Affleck/Kanye West","Ben Affleck","Kanye West","2013-05-18",7.6,134
39,1,"Tina Fey/Arcade Fire","Tina Fey","Arcade Fire","2013-09-28",7.6,213
39,2,"Miley Cyrus","Miley Cyrus","Miley Cyrus","2013-10-05",6.3,224
39,3,"Bruce Willis/Katy Perry","Bruce Willis","Katy Perry","2013-10-12",6.4,178
39,4,"Edward Norton/Janelle Monae","Edward Norton","Janelle Monáe","2013-10-26",7.3,166
39,5,"Kerry Washington/Eminem","Kerry Washington","Eminem","2013-11-02",7.7,188
39,6,"Lady Gaga","Lady Gaga","Lady Gaga","2013-11-16",7.7,199
39,7,"Josh Hutcherson/HAIM","Josh Hutcherson","HAIM","2013-11-23",7.6,192
39,8,"Paul Rudd/One Direction","Paul Rudd","One Direction","2013-12-07",7.2,158
39,9,"John Goodman/Kings of Leon","John Goodman","Kings of Leon","2013-12-14",7.1,130
39,10,"Jimmy Fallon/Justin Timberlake","Jimmy Fallon","Justin Timberlake","2013-12-21",8.8,415
39,11,"Drake","Drake","Drake","2014-01-18",7.2,172
39,12,"Jonah Hill/Bastille","Jonah Hill","Bastille","2014-01-25",7.3,142
39,13,"Melissa McCarthy/Imagine Dragons","Melissa McCarthy","Imagine Dragons","2014-02-01",6.5,165
39,14,"Jim Parsons/Beck","Jim Parsons","Beck","2014-03-01",6.1,158
39,15,"Lena Dunham/The National","Lena Dunham","The National","2014-03-08",6,131
39,16,"Louis C.K./Sam Smith","Louis C.K.","Sam Smith","2014-03-29",7.3,157
39,17,"Anna Kendrick/Pharrell Williams","Anna Kendrick","Pharrell Williams","2014-04-05",7.6,175
39,18,"Seth Rogen/Ed Sheeran","Seth Rogen","Ed Sheeran","2014-04-12",6.4,130
39,19,"Andrew Garfield/Coldplay","Andrew Garfield","Coldplay","2014-05-03",7.6,164
39,20,"Charlize Theron/The Black Keys","Charlize Theron","The Black Keys","2014-05-10",6.2,120
39,21,"Andy Samberg/St. Vincent","Andy Samberg","St. Vincent","2014-05-17",8,174
40,1,"Chris Pratt/Ariana Grande","Chris Pratt","Ariana Grande","2014-09-27",6.8,274
40,2,"Sarah Silverman/Maroon 5","Sarah Silverman","Maroon 5","2014-10-04",6.9,207
40,3,"Bill Hader/Hozier","Bill Hader","Hozier","2014-10-11",8.2,285
40,4,"Jim Carrey/Iggy Azalea","Jim Carrey","Iggy Azalea","2014-10-25",7.8,287
40,5,"Chris Rock/Prince","Chris Rock","Prince","2014-11-01",6.2,206
40,6,"Woody Harrelson/Kendrick Lamar","Woody Harrelson","Kendrick Lamar","2014-11-15",7.4,187
40,7,"Cameron Diaz/Mark Ronson & Bruno Mars","Cameron Diaz","Mark Ronson and Bruno Mars","2014-11-22",6.2,154
40,8,"James Franco/Nicki Minaj","James Franco","Nicki Minaj","2014-12-06",6.4,171
40,9,"Martin Freeman/Charli XCX","Martin Freeman","Charli XCX","2014-12-13",7.7,199
40,10,"Amy Adams/One Direction","Amy Adams","One Direction","2014-12-20",7.1,172
40,11,"Kevin Hart/Sia","Kevin Hart","Sia","2015-01-17",6.8,160
40,12,"Blake Shelton","Blake Shelton","Blake Shelton","2015-01-24",5.8,154
40,13,"J.K. Simmons/D'Angelo","J. K. Simmons","D'Angelo","2015-01-31",7.3,156
40,14,"Dakota Johnson/Alabama Shakes","Dakota Johnson","Alabama Shakes","2015-02-28",6,154
40,15,"Chris Hemsworth/Zac Brown Band","Chris Hemsworth","Zac Brown Band","2015-03-07",7.5,164
40,16,"Dwayne Johnson/George Ezra","Dwayne Johnson","George Ezra","2015-03-28",8.1,191
40,17,"Michael Keaton/Carly Rae Jepsen","Michael Keaton","Carly Rae Jepsen","2015-04-04",7.4,171
40,18,"Taraji P. Henson/Mumford & Sons","Taraji P. Henson","Mumford & Sons","2015-04-11",5.8,144
40,19,"Scarlett Johansson/Wiz Khalifa","Scarlett Johansson","Wiz Khalifa","2015-05-02",6.6,133
40,20,"Reese Witherspoon/Florence + the Machine","Reese Witherspoon","Florence + the Machine","2015-05-09",6.4,117
40,21,"Louis C.K./Rihanna","Louis C.K.","Rihanna","2015-05-16",7.3,148
41,1,"Miley Cyrus","Miley Cyrus","Miley Cyrus","2015-10-03",6.1,221
41,2,"Amy Schumer/The Weeknd","Amy Schumer","The Weeknd","2015-10-10",6.8,227
41,3,"Tracy Morgan/Demi Lovato","Tracy Morgan","Demi Lovato","2015-10-17",7.7,202
41,4,"Donald Trump/Sia","Donald Trump","Sia","2015-11-07",3.7,492
41,5,"Elizabeth Banks/Disclosure","Elizabeth Banks","Disclosure","2015-11-14",7.1,164
41,6,"Matthew McConaughey/Adele","Matthew McConaughey","Adele","2015-11-21",7.4,196
41,7,"Ryan Gosling/Leon Bridges","Ryan Gosling","Leon Bridges","2015-12-05",7.9,233
41,8,"Chris Hemsworth/Chance The Rapper","Chris Hemsworth","Chance the Rapper","2015-12-12",6.6,146
41,9,"Tina Fey & Amy Poehler/Bruce Springsteen and the E Street Band","Tina Fey & Amy Poehler","Bruce Springsteen & the E Street Band","2015-12-19",7.9,253
41,10,"Adam Driver/Chris Stapleton","Adam Driver","Chris Stapleton","2016-01-16",7.5,218
41,11,"Ronda Rousey/Selena Gomez","Ronda Rousey","Selena Gomez","2016-01-23",6,176
41,12,"Larry David/The 1975","Larry David","The 1975","2016-02-06",8.3,236
41,13,"Melissa McCarthy/Kanye West","Melissa McCarthy","Kanye West","2016-02-13",6.5,173
41,14,"Jonah Hill/Future","Jonah Hill","Future","2016-03-05",5.5,155
41,15,"Ariana Grande","Ariana Grande","Ariana Grande","2016-03-12",8,239
41,16,"Peter Dinklage/Gwen Stefani","Peter Dinklage","Gwen Stefani","2016-04-02",7.3,274
41,17,"Russell Crowe/Margo Price","Russell Crowe","Margo Price","2016-04-09",5.4,138
41,18,"Julia Louis-Dreyfus/Nick Jonas","Julia Louis-Dreyfus","Nick Jonas","2016-04-16",6.3,145
41,19,"Brie Larson/Alicia Keys","Brie Larson","Alicia Keys","2016-05-07",6.4,125
41,20,"Drake","Drake","Drake","2016-05-14",6.1,145
41,21,"Fred Armisen/Courtney Barnett","Fred Armisen","Courtney Barnett","2016-05-21",7.9,163
42,1,"Margot Robbie/The Weeknd","Margot Robbie","The Weeknd","2016-10-01",7.5,317
42,2,"Lin-Manuel Miranda/Twenty One Pilots","Lin-Manuel Miranda","Twenty One Pilots","2016-10-08",7.4,305
42,3,"Emily Blunt/Bruno Mars","Emily Blunt","Bruno Mars","2016-10-15",6.2,236
42,4,"Tom Hanks/Lady Gaga","Tom Hanks","Lady Gaga","2016-10-22",7.8,343
42,5,"Benedict Cumberbatch/Solange","Benedict Cumberbatch","Solange","2016-11-05",6.3,228
42,6,"Dave Chappelle/A Tribe Called Quest","Dave Chappelle","A Tribe Called Quest","2016-11-12",7.9,425
42,7,"Kristen Wiig/The XX","Kristen Wiig","The xx","2016-11-19",6.4,221
42,8,"Emma Stone/Shawn Mendes","Emma Stone","Shawn Mendes","2016-12-03",6.9,208
42,9,"John Cena/Maren Morris","John Cena","Maren Morris","2016-12-10",6.1,190
42,10,"Casey Affleck/Chance the Rapper","Casey Affleck","Chance the Rapper","2016-12-17",6.6,206
42,11,"Felicity Jones/Sturgill Simpson","Felicity Jones","Sturgill Simpson","2017-01-14",5.3,224
42,12,"Aziz Ansari/Big Sean","Aziz Ansari","Big Sean","2017-01-21",7.1,265
42,13,"Kristen Stewart/Alessia Cara","Kristen Stewart","Alessia Cara","2017-02-04",7.9,348
42,14,"Alec Baldwin/Ed Sheeran","Alec Baldwin","Ed Sheeran","2017-02-11",6.9,215
42,15,"Octavia Spencer/Father John Misty","Octavia Spencer","Father John Misty","2017-03-04",5.6,161
42,16,"Scarlett Johansson/Lorde","Scarlett Johansson","Lorde","2017-03-11",6.7,177
42,17,"Louis C.K./The Chainsmokers","Louis C.K.","The Chainsmokers","2017-04-08",7.4,199
42,18,"Jimmy Fallon/Harry Styles","Jimmy Fallon","Harry Styles","2017-04-15",6.4,185
42,19,"Chris Pine/LCD Soundsystem","Chris Pine","LCD Soundsystem","2017-05-06",5.9,149
42,20,"Melissa McCarthy/Haim","Melissa McCarthy","HAIM","2017-05-13",6.7,162
42,21,"Dwayne Johnson/Katy Perry","Dwayne Johnson","Katy Perry","2017-05-20",7.4,157
