"Season","Guests","Rating","Votes"
1,"George Carlin/Billy Preston/Janis Ian","7.6","266"
1,"Paul Simon/Randy Newman/Phoebe Snow","6.5","158"
1,"Rob Reiner","7.0","129"
1,"Candice Bergen/Esther Phillips","7.2","126"
1,"Robert Klein/ABBA, Loudon Wainwright III","6.8","109"
1,"Lily Tomlin","7.2","108"
1,"Richard Pryor/Gil Scott-Heron","8.6","170"
1,"Candice Bergen/Martha Reeves/The Stylistics","7.1","97"
1,"Elliott Gould/Anne Murray","7.0","84"
1,"Buck Henry/Bill Withers, Toni Basil","7.8","82"
1,"Peter Cook & Dudley Moore/Neil Sedaka","7.5","80"
1,"Dick Cavett/Jimmy Cliff","6.3","74"
1,"Peter Boyle/Al Jarreau","7.0","73"
1,"Desi Arnaz/Desi Arnaz, Jr.","7.7","84"
1,"Jill Clayburgh/Leon Redbone/The Singing Idlers","7.4","69"
1,"Anthony Perkins/Betty Carter","7.3","74"
1,"Ron Nessen/Patti Smith Group","7.0","70"
1,"Raquel Welch/Phoebe Snow, John Sebastian","6.8","72"
1,"Madeline Kahn/Carly Simon","8.1","74"
1,"Dyan Cannon/Leon & Mary Russell","6.7","66"
1,"Buck Henry/Gordon Lightfoot","7.4","64"
1,"Elliott Gould/Leon Redbone, Harlan Collins & Joyce Everson","8.0","61"
1,"Louise Lasser/Preservation Hall Jazz Band","5.5","64"
1,"Kris Kristofferson/Rita Coolidge","6.9","61"
2,"Lily Tomlin/James Taylor","7.4","61"
2,"Norman Lear/Boz Scaggs","7.6","55"
2,"Eric Idle/Joe Cocker/Stuff","7.7","65"
2,"Karen Black/John Prine","6.8","55"
2,"Steve Martin/Kinky Friedman","7.7","61"
2,"Buck Henry/The Band","7.6","62"
2,"Dick Cavett/Ry Cooder","7.0","46"
2,"Paul Simon/George Harrison","7.7","75"
2,"Jodie Foster/Brian Wilson","6.9","56"
2,"Candice Bergen/Frank Zappa","7.9","59"
2,"Ralph Nader/George Benson","7.3","49"
2,"Ruth Gordon/Chuck Berry","7.3","49"
2,"Fran Tarkenton/Leo Sayer, Donnie Harper and the Voices of Tomorrow","6.7","46"
2,"Live from Mardi Gras","6.5","41"
2,"Steve Martin/The Kinks","8.0","63"
2,"Sissy Spacek/Richard Baskin","7.2","53"
2,"Broderick Crawford/Levon Helm/Dr. John/The Meters","7.3","51"
2,"Jack Burns/Santana","7.2","49"
2,"Julian Bond/Tom Waits, Brick","6.7","49"
2,"Elliott Gould/Kate & Anna McGarrigle/Roslyn Kind","7.0","43"
2,"Eric Idle/Neil Innes","7.8","48"
2,"Shelley Duvall/Joan Armatrading","7.3","45"
2,"Buck Henry/Jennifer Warnes/Kenny Vance","7.9","43"
3,"Steve Martin/Jackson Browne","7.4","58"
3,"Madeline Kahn/Taj Mahal","6.8","45"
3,"Hugh Hefner/Libby Titus","6.4","42"
3,"Charles Grodin/Paul Simon","7.0","46"
3,"Ray Charles","7.9","49"
3,"Buck Henry/Leon Redbone","6.8","41"
3,"Mary Kay Place/Willie Nelson","7.5","36"
3,"Miskel Spillman/Elvis Costello","7.5","41"
3,"Steve Martin/Randy Newman, Dirt Band","7.8","52"
3,"Robert Klein/Bonnie Raitt","7.7","53"
3,"Chevy Chase/Billy Joel","7.5","45"
3,"O.J. Simpson/Ashford & Simpson","7.0","46"
3,"Art Garfunkel/Stephen Bishop","6.4","44"
3,"Jill Clayburgh/Eddie Money","6.6","38"
3,"Christopher Lee/Meat Loaf","7.7","54"
3,"Michael Palin/Eugene Record","7.8","40"
3,"Michael Sarrazin/Keith Jarrett, Gravity","7.0","38"
3,"Steve Martin/The Blues Brothers","8.4","84"
3,"Richard Dreyfuss/Jimmy Buffett, Gary Tigerman","7.4","36"
3,"Buck Henry/Sun Ra","7.2","37"
4,"The Rolling Stones","7.4","52"
4,"Fred Willard/Devo","7.2","42"
4,"Frank Zappa","7.0","53"
4,"Steve Martin/Van Morrison","8.2","44"
4,"Buck Henry/The Grateful Dead","7.0","41"
4,"Carrie Fisher/The Blues Brothers","7.9","80"
4,"Walter Matthau","7.6","40"
4,"Eric Idle/Kate Bush","7.9","60"
4,"Elliott Gould/Peter Tosh","6.2","42"
4,"Michael Palin/The Doobie Brothers","7.1","38"
4,"Cicely Tyson/Talking Heads","7.4","40"
4,"Ricky Nelson/Judy Collins","7.3","53"
4,"Kate Jackson/Delbert McClinton","6.3","34"
4,"Gary Busey/Eubie Blake and Gregory Hines","7.5","37"
4,"Margot Kidder/The Chieftains","6.9","43"
4,"Richard Benjamin/Rickie Lee Jones","7.5","42"
4,"Milton Berle/Ornette Coleman","6.4","41"
4,"Michael Palin/James Taylor","7.6","40"
4,"Maureen Stapleton/Linda Ronstadt/Phoebe Snow","7.4","34"
4,"Buck Henry/Bette Midler","7.8","38"
5,"Steve Martin/Blondie","7.8","53"
5,"Eric Idle/Bob Dylan","7.9","39"
5,"Bill Russell/Chicago","6.4","34"
5,"Buck Henry/Tom Petty & The Heartbreakers","6.6","37"
5,"Bea Arthur/The Roches","6.3","30"
5,"Howard Hesseman/Randy Newman","6.3","33"
5,"Martin Sheen/David Bowie","6.9","44"
5,"Ted Knight/Desmond Child & Rouge","6.2","29"
5,"Teri Garr/The B-52's","6.4","30"
5,"Chevy Chase/Marianne Faithfull","6.6","36"
5,"Elliott Gould/Gary Numan","6.0","27"
5,"Kirk Douglas/Sam and Dave","6.8","28"
5,"Rodney Dangerfield/The J. Geils Band","6.9","36"
5,"Paul Simon, James Taylor & David Sanborn","6.4","31"
5,"Richard Benjamin, Paula Prentiss/The Grateful Dead","6.1","28"
5,"Burt Reynolds/Anne Murray","5.6","31"
5,"Strother Martin/The Specials","7.1","34"
5,"Bob Newhart/The Amazing Rhthym Aces/Bruce Cockburn","7.5","29"
5,"Steve Martin/Paul & Linda McCartney/3-D","8.1","34"
5,"Buck Henry/Andrew Gold/Andrae Crouch & Voices of Unity","8.1","31"
6,"Elliott Gould/Kid Creole & the Coconuts","6.8","41"
6,"Malcolm McDowell/Captain Beefheart & The Magic Band","5.9","42"
6,"Ellen Burstyn/Aretha Franklin/Keith Sykes","6.6","30"
6,"Jamie Lee Curtis/James Brown/Ellen Shipley","6.4","32"
6,"David Carradine/Linda Ronstadt/Cast of 'The Pirates of Penzance'","6.0","36"
6,"Ray Sharkey/Jack Bruce & Friends","5.7","32"
6,"Karen Black/Cheap Trick/Stanley Clarke Trio","6.3","30"
6,"Robert Hays/14 Karat Soul/Joe 'King' Carrasco & The Crowns","6.2","20"
6,"Sally Kellerman/Jimmy Cliff","6.3","24"
6,"Deborah Harry/Funky 4 + 1 More","6.6","30"
6,"Charlene Tilton/Todd Rundgren/Prince","5.7","32"
6,"Bill Murray/Delbert McClinton","7.9","34"
6,"Jr. Walker & the All-Stars","7.9","30"
7,"Rod Stewart","6.6","36"
7,"Susan Saint James/The Kinks","5.9","33"
7,"George Kennedy/Miles Davis","7.6","26"
7,"Donald Pleasance/Fear","7.0","30"
7,"Lauren Hutton/Rick James & The Stone City Band","6.3","35"
7,"Bernadette Peters/Billy Joel/The Go-Go's","6.8","28"
7,"Tim Curry/Meat Loaf/The Neverland Express","6.8","25"
7,"Bill Murray/The Spinners/Yale Whiffenpoofs","6.5","37"
7,"Robert Conrad/The Allman Brothers Band","6.6","29"
7,"John Madden/Jennifer Holliday","6.5","32"
7,"James Coburn/Lindsey Buckingham","6.3","26"
7,"Bruce Dern/Luther Vandross","5.5","25"
7,"Elizabeth Ashley/Hall & Oates","7.8","28"
7,"Robert Urich/Mink DeVille","6.5","22"
7,"Blythe Danner/Rickie Lee Jones","5.7","29"
7,"Daniel J. Travanti/John Cougar","6.4","27"
7,"Johnny Cash/Elton John","7.9","40"
7,"Robert Culp/The Charlie Daniels Band","6.4","23"
7,"Danny DeVito/Sparks","6.9","21"
7,"Olivia Newton-John","7.9","30"
8,"Chevy Chase/Queen","8.5","45"
8,"Louis Gossett Jr/George Thorogood & The Destroyers","7.3","26"
8,"Ron Howard/The Clash","8.2","41"
8,"Howard Hesseman/Men at Work","7.5","29"
8,"Michael Keaton/The New Joe Jackson Band","7.2","37"
8,"Robert Blake/Kenny Loggins","5.9","25"
8,"Drew Barrymore/Squeeze","7.9","44"
8,"Tom & Dick Smothers/Laura Branigan","7.5","30"
8,"Eddie Murphy/Lionel Richie","8.1","38"
8,"Lily Tomlin","7.0","28"
8,"Rick Moranis and Dave Thomas/The Bus Boys","7.8","31"
8,"Sid Caesar/Joe Cocker/Jennifer Warnes","6.5","26"
8,"Howard Hesseman/Tom Petty & The Heartbreakers","7.5","24"
8,"Beau and Jeff Bridges/Randy Newman","6.6","25"
8,"Bruce Dern/Leon Redbone","6.7","23"
8,"Robert Guilaume/Duran Duran","7.8","22"
8,"Joan Rivers/Musical Youth","8.0","27"
8,"Susan Saint James/Michael McDonald","7.6","26"
8,"Stevie Wonder","7.9","29"
8,"Ed Koch/Kevin Rowland & Dexy's Midnight Runners","8.0","23"
9,"Brandon Tartikoff/John Cougar Mellencamp","6.0","24"
9,"Danny DeVito & Rhea Pearlman/Eddy Grant","6.1","32"
9,"John Candy/Men at Work","6.4","27"
9,"Betty Thomas/Stray Cats","5.8","32"
9,"Teri Garr/Mick Fleetwood's Zoo","5.7","28"
9,"Jerry Lewis/Loverboy","5.7","31"
9,"The Smothers Brothers/Big Country","5.7","32"
9,"Flip Wilson/Stevie Nicks","6.2","28"
9,"Father Guido Sarducci/Huey Lewis & The News","6.3","30"
9,"Michael Palin/Mary Palin/The Motels","6.5","29"
9,"Don Rickles/Billy Idol","8.0","25"
9,"Robin Williams/Adam Ant","6.4","34"
9,"Jamie Lee Curtis/The Fixx","6.9","27"
9,"Edwin Newman/Kool & The Gang","6.3","22"
9,"Billy Crystal/Al Jarreau","5.8","29"
9,"Michael Douglas/Deniece Williams","6.5","34"
9,"George McGovern/Madness","5.8","32"
9,"Barry Bostwick/Spinal Tap","7.7","29"
9,"Billy Crystal/Ed Koch/Edwin Newman/Don Novello/Betty Thomas/The Cars","6.2","31"
10,"Thompson Twins","6.3","26"
10,"Bob Uecker/Peter Wolf","6.6","26"
10,"Jesse Jackson/Andrae Crouch, Wintley Phipps","6.2","32"
10,"Michael McKean/Chaka Khan/The Folksmen","7.0","27"
10,"George Carlin/Frankie Goes to Hollywood","8.0","33"
10,"Ed Asner/The Kinks","7.5","25"
10,"Ed Begley Jr/Billy Squier","5.4","28"
10,"Ringo Starr/Herbie Hancock","6.6","30"
10,"Eddie Murphy/Robert Plant & The Honeydrippers","7.4","48"
10,"Kathleen Turner/John Waite","5.9","27"
10,"Roy Scheider/Billy Ocean","7.6","27"
10,"Alex Karras/Tina Turner","6.4","25"
10,"Harry Anderson/Bryan Adams","5.8","33"
10,"Pamela Sue Martin/Power Station","5.4","30"
10,"SNL Film Festival","7.2","25"
10,"Mr. T and Hulk Hogan/The Commodores","6.1","34"
10,"Christopher Reeve/Santana","6.2","28"
10,"Howard Cosell/Greg Kihn","6.2","28"
11,"Madonna/Simple Minds","6.3","35"
11,"Chevy Chase/Sheila E.","6.5","32"
11,"Pee Wee Herman/Queen Ida & The Bon Temps Zydeco Band","6.3","27"
11,"John Lithgow/Mr. Mister","6.8","23"
11,"Tom Hanks/Sade","6.3","33"
11,"Teri Garr/Dream Academy/The Cult","6.5","25"
11,"Harry Dean Stanton/The Replacements","6.4","26"
11,"Dudley Moore/Al Green","6.1","23"
11,"Ron Reagan/The Nelsons","6.6","23"
11,"Jerry Hall/Stevie Ray Vaughan/Jimmie Vaughan","5.9","32"
11,"Jay Leno/The Neville Brothers","5.0","23"
11,"Griffin Dunne/Rosanne Cash","6.7","19"
11,"George Wendt and Francis Ford Coppola/Philip Glass","6.7","19"
11,"Oprah Winfrey/Joe Jackson","5.6","27"
11,"Tony Danza/Laurie Anderson","5.1","25"
11,"Catherine Oxenberg and Paul Simon/Ladysmith Black Mambazo","6.9","31"
11,"Jimmy Breslin and Marvin Hagler/Level 42/E.G. Daily","5.9","25"
11,"Anjelica Huston and Billy Martin/George Clinton & Parliament-Funkadelic","7.6","32"
12,"Sigourney Weaver/Buster Poindexter","7.8","49"
12,"Malcolm-Jamal Warner/Run-DMC","6.0","30"
12,"Rosanna Arquette/Ric Ocasek","6.1","19"
12,"Sam Kinison/Lou Reed","6.6","27"
12,"Robin Williams/Paul Simon","8.0","27"
12,"Chevy Chase/Steve Martin/Martin Short/Randy Newman","8.1","31"
12,"Steve Guttenberg/The Pretenders","6.9","25"
12,"William Shatner/Lone Justice","8.0","45"
12,"Walter Payton & Joe Montana/Debbie Harry","6.4","23"
12,"Paul Shaffer/Bruce Hornsby & The Range","5.6","22"
12,"Bronson Pinchot/Paul Young/Buster Poindexter","6.2","22"
12,"Willie Nelson","7.1","23"
12,"Valerie Bertinelli/Robert Cray Band","6.7","22"
12,"Bill Murray/Percy Sledge","6.4","20"
12,"Charlton Heston/Wynton Marsalis","7.2","31"
12,"John Lithgow/Anita Baker","5.6","22"
12,"John Larroquette/Timbuk-3","6.1","21"
12,"Mark Harmon/Suzanne Vega","5.4","23"
12,"Garry Shandling/Los Lobos","5.7","30"
12,"Dennis Hopper/Roy Orbison","6.4","27"
13,"Steve Martin/Sting","7.1","35"
13,"Sean Penn/L.L. Cool J, Michael Penn & The Pull","5.8","29"
13,"Dabney Coleman/The Cars","7.6","25"
13,"Robert Mitchum/Simply Red","5.6","29"
13,"Candice Bergen/Cher","6.3","26"
13,"Danny DeVito/Bryan Ferry","5.7","25"
13,"Angie Dickinson/Buster Pointdexter/David Gilmour","6.1","23"
13,"Paul Simon/Linda Ronstadt","5.5","25"
13,"Robin Williams/James Taylor","6.7","25"
13,"Carl Weathers/Robbie Robertson","6.0","21"
13,"Justine Bateman/Terrance Trent D'Arby","6.4","23"
13,"Tom Hanks/Randy Travis","5.8","32"
13,"Judge Reinhold/10,000 Maniacs","6.4","21"
14,"Tom Hanks/Keith Richards","6.8","43"
14,"Matthew Broderick/The Sugarcubes","5.4","30"
14,"John Larroquette/Randy Newman & Mark Knopfler","5.8","25"
14,"Matthew Modine/Edie Brickell & New Bohemians","5.6","23"
14,"Demi Moore/Johnny Clegg & Savuka","6.3","29"
14,"John Lithgow/Tracy Chapman","6.4","23"
14,"Danny DeVito/The Bangles","6.3","27"
14,"Kevin Kline/Bobby McFerrin","7.0","24"
14,"Melanie Griffith/Little Feat","6.4","24"
14,"John Malkovich/Anita Baker","6.2","22"
14,"Tony Danza/John Hiatt","6.4","19"
14,"Ted Danson/Luther Vandross","5.6","27"
14,"Leslie Nielsen/Cowboy Junkies","6.2","30"
14,"Glenn Close/Gipsy Kings","5.9","31"
14,"Mary Tyler Moore/Elvis Costello","6.1","28"
14,"Mel Gibson/Living Colour","5.8","39"
14,"Dolly Parton","6.0","29"
14,"Geena Davis/John Mellencamp","5.7","26"
14,"Wayne Gretzky/Fine Young Cannibals","6.2","29"
14,"Steve Martin/Tom Petty & The Heartbreakers","7.6","30"
15,"Bruce Willis/Neil Young","6.6","34"
15,"Rick Moranis/Rickie Lee Jones","5.9","32"
15,"Kathleen Turner/Billy Joel","6.2","27"
15,"James Woods/Don Henley","5.9","27"
15,"Chris Evert/Eurythmics","6.0","23"
15,"Woody Harrelson/David Byrne","6.0","36"
15,"John Goodman/k.d. lang","5.9","28"
15,"Robert Wagner/Linda Ronstadt & Aaron Neville","6.1","21"
15,"Andie MacDowell/Tracy Chapman","5.3","22"
15,"Ed O'Neill/Harry Connick Jr.","6.1","36"
15,"Christopher Walken/Bonnie Raitt","6.3","27"
15,"Quincy Jones & Co.","5.5","26"
15,"Tom Hanks/Aerosmith","6.7","40"
15,"Fred Savage/Technotronic","6.5","30"
15,"Rob Lowe/The Pogues","6.1","37"
15,"Debra Winger/Eric Clapton","5.8","28"
15,"Corbin Bernsen/The Smithereens","5.9","26"
15,"Alec Baldwin/The B-52's","6.5","44"
15,"Andrew Dice Clay/Julee Cruise/Spanic Boys","6.6","38"
15,"Candice Bergen/The Notting Hillbillies","4.9","23"
16,"Kyle MacLachlan/Sinéad O'Connor","7.3","52"
16,"Susan Lucci/Hothouse Flowers","6.5","28"
16,"George Steinbrenner/Morris Day & The Time","6.2","30"
16,"Patrick Swayze/Mariah Carey","7.9","59"
16,"Jimmy Smits/World Party","6.2","27"
16,"Dennis Hopper/Paul Simon","6.5","25"
16,"John Goodman/Faith No More","6.9","39"
16,"Tom Hanks/Edie Brickell & New Bohemians","6.7","42"
16,"Dennis Quaid/The Neville Brothers","5.7","30"
16,"Joe Mantegna/Vanilla Ice","6.5","31"
16,"Sting","6.4","36"
16,"Kevin Bacon/INXS","6.5","29"
16,"Roseanne Barr/Deee-lite","5.4","31"
16,"Alec Baldwin/Whitney Houston","6.8","55"
16,"Michael J. Fox/Black Crowes","6.6","39"
16,"Jeremy Irons/Fishbone","7.0","35"
16,"Catherine O'Hara/R.E.M.","6.6","31"
16,"Steven Seagal/Michael Bolton","6.0","43"
16,"Delta Burke/Chris Isaak","6.0","28"
16,"George Wendt/Elvis Costello","5.9","35"
17,"Michael Jordan/Public Enemy","7.2","59"
17,"Jeff Daniels/Color Me Badd","7.4","34"
17,"Kirstie Alley/Tom Petty & The Heartbreakers","6.9","29"
17,"Christian Slater/Bonnie Raitt","7.8","37"
17,"Kiefer Sutherland/Skid Row","7.7","34"
17,"Linda Hamilton/Mariah Carey","7.9","52"
17,"Macaulay Culkin/Tin Machine","7.4","44"
17,"Hammer","5.0","29"
17,"Steve Martin/James Taylor","8.0","46"
17,"Rob Morrow/Nirvana","7.6","37"
17,"Chevy Chase/Robbie Robertson","6.8","33"
17,"Susan Dey/C+C Music Factory","7.6","25"
17,"Jason Priestly/Teenage Fanclub","7.8","34"
17,"Roseanne & Tom Arnold/Red Hot Chili Peppers","7.8","56"
17,"John Goodman/Garth Brooks","7.7","32"
17,"Mary Stuart Masterson/En Vogue","6.3","27"
17,"Sharon Stone/Pearl Jam","7.9","41"
17,"Jerry Seinfeld/Annie Lennox","7.2","56"
17,"Tom Hanks/Bruce Springsteen","7.3","40"
17,"Woody Harrelson/Vanessa Williams","6.7","30"
18,"Nicolas Cage/Bobby Brown","6.3","37"
18,"Tim Robbins/Sinéad O'Connor","6.5","40"
18,"Joe Pesci/Spin Doctors","6.7","41"
18,"Christopher Walken/Arrested Development","7.7","45"
18,"Catherine O'Hara/10,000 Maniacs","6.8","35"
18,"Michael Keaton/Morrissey","7.2","37"
18,"Sinbad/Sade","5.1","26"
18,"Tom Arnold/Neil Young","5.5","33"
18,"Glenn Close/Black Crowes","6.2","28"
18,"Danny DeVito/Bon Jovi","6.3","34"
18,"Harvey Keitel/Madonna","7.2","38"
18,"Luke Perry/Mick Jagger","5.5","36"
18,"Alec Baldwin/Paul McCartney","7.7","49"
18,"Bill Murray/Sting","7.9","41"
18,"John Goodman/Mary J. Blige","6.4","30"
18,"Miranda Richardson/Soul Asylum","7.5","31"
18,"Jason Alexander/Peter Gabriel","7.1","37"
18,"Kirstie Alley/Lenny Kravitz","6.1","30"
18,"Christina Applegate/Midnight Oil","7.2","54"
18,"Kevin Kline/Willie Nelson & Paul Simon","6.0","28"
19,"Charles Barkley/Nirvana","7.5","54"
19,"Shannon Doherty/Cypress Hill","6.4","33"
19,"Jeff Goldblum/Aerosmith","6.2","46"
19,"John Malkovich/Billy Joel","7.1","35"
19,"Christian Slater/Smashing Pumpkins","6.7","35"
19,"Rosie O'Donnell/James Taylor","3.9","30"
19,"Nicole Kidman/Stone Temple Pilots","6.6","34"
19,"Charlton Heston/Paul Westerberg","6.1","45"
19,"Sally Field/Tony! Toni! Tone!","6.0","32"
19,"Jason Patric/Blind Melon","5.9","32"
19,"Sara Gilbert/Counting Crows","6.3","43"
19,"Patrick Stewart/Salt-N-Pepa","7.5","39"
19,"Alec Baldwin & Kim Basinger/UB40","6.2","37"
19,"Martin Lawrence/Crash Test Dummies","5.8","41"
19,"Nancy Kerrigan/Aretha Franklin","4.5","30"
19,"Helen Hunt/Snoop Doggy Dogg","6.9","34"
19,"Kelsey Grammer/Dwight Yoakam","5.0","26"
19,"Emilio Estevez/Pearl Jam","7.0","34"
19,"John Goodman/The Pretenders","5.4","27"
19,"Heather Locklear/Janet Jackson","6.3","32"
20,"Steve Martin/Eric Clapton","7.6","39"
20,"Marisa Tomei/Bonnie Raitt","6.9","34"
20,"John Travolta/Seal","8.0","46"
20,"Dana Carvey/Edie Brickell & Paul Simon","6.5","32"
20,"Sarah Jessica Parker/R.E.M.","6.2","32"
20,"John Turturro/Tom Petty & the Heartbreakers","6.3","33"
20,"Roseanne/Green Day","7.0","36"
20,"Alec Baldwin/Beastie Boys","7.3","46"
20,"George Foreman/Hole","6.1","30"
20,"Jeff Daniels/Luscious Jackson","7.9","34"
20,"David Hyde Pierce/Live","6.8","31"
20,"Bob Newhart/Des'ree","7.4","34"
20,"Deion Sanders/Bon Jovi","5.9","32"
20,"George Clooney/The Cranberries","5.8","37"
20,"Paul Reiser/Annie Lennox","6.7","30"
20,"John Goodman/Tragically Hip","7.7","39"
20,"Damon Wayans/Dionne Farris","7.1","29"
20,"Courteney Cox/Dave Matthews Band","7.4","43"
20,"Bob Saget/TLC","6.7","37"
20,"David Duchovny/Rod Stewart","8.0","43"
21,"Mariel Hemingway/Blues Traveler","6.9","33"
21,"Chevy Chase/Lisa Loeb and Nine Stories","6.5","35"
21,"David Schwimmer/Natalie Merchant","5.9","31"
21,"Gabriel Byrne/Alanis Morissette","6.4","29"
21,"Quentin Tarantino/Smashing Pumpkins","7.1","40"
21,"Laura Leighton/Rancid","5.8","34"
21,"Anthony Edwards/Foo Fighters","6.5","24"
21,"David Alan Grier/Silverchair","6.3","26"
21,"Madeline Kahn/Bush","5.4","28"
21,"Christopher Walken/Joan Osborne","7.4","40"
21,"Alec Baldwin/Tori Amos","6.8","33"
21,"Danny Aiello/Coolio","5.6","27"
21,"Tom Arnold/Tupac Shakur","6.8","34"
21,"Elle MacPherson/Sting","6.2","27"
21,"John Goodman/Everclear","7.5","29"
21,"Phil Hartman/Gin Blossoms","6.8","30"
21,"Steve Forbes/Rage Against the Machine","5.6","30"
21,"Teri Hatcher/Dave Matthews Band","6.4","25"
21,"Christine Baranski/The Cure","6.4","32"
21,"Jim Carrey/Soundgarden","8.5","138"
22,"Tom Hanks/Tom Petty & the Heartbreakers","4.3","44"
22,"Lisa Kudrow/Sheryl Crow","5.6","32"
22,"Bill Pullman/New Edition","4.8","28"
22,"Dana Carvey/Dr. Dre","6.1","23"
22,"Chris Rock/The Wallflowers","4.2","39"
22,"Robert Downey Jr/Fiona Apple","6.3","40"
22,"Phil Hartman/Bush","6.0","25"
22,"Martin Short/No Doubt","5.8","34"
22,"Rosie O'Donnell/Whitney Houston","4.0","44"
22,"Kevin Spacey/Beck","7.1","49"
22,"David Alan Grier/Snoop Doggy Dogg","6.3","27"
22,"Neve Campbell/David Bowie","6.2","37"
22,"Chevy Chase/Live","5.6","25"
22,"Alec Baldwin/Tina Turner","6.0","33"
22,"Sting/Veruca Salt","6.0","27"
22,"Mike Myers/Aerosmith","6.3","27"
22,"Rob Lowe/Spice Girls","5.9","38"
22,"Pamela Lee/Rollins Band","3.7","36"
22,"John Goodman/Jewel","6.3","37"
22,"Jeff Goldblum/En Vogue","6.3","25"
23,"Sylvester Stallone/Jamiroquai","7.4","43"
23,"Matthew Perry/Oasis","6.2","41"
23,"Brendan Fraser/Björk","5.4","41"
23,"Chris Farley/The Mighty Mighty Bosstones","6.6","50"
23,"Jon Lovitz/Jane's Addiction","5.6","30"
23,"Claire Danes/Mariah Carey","5.2","43"
23,"Rudy Giuliani/Sarah McLachlan","5.7","35"
23,"Nathan Lane/Metallica","6.1","33"
23,"Helen Hunt/Hanson","5.9","47"
23,"Samuel L. Jackson/Ben Folds Five","7.2","31"
23,"Sarah Michelle Gellar/Portishead","5.7","45"
23,"John Goodman/Paula Cole","5.7","29"
23,"Roma Downey/Missy 'Misdemeanor' Elliott","5.2","25"
23,"Garth Brooks","6.6","40"
23,"Scott Wolf/Natalie Imbruglia","4.5","26"
23,"Julianne Moore/Backstreet Boys","4.8","32"
23,"Steve Buscemi/Third Eye Blind","6.7","50"
23,"Greg Kinnear/All Saints","5.6","26"
23,"Matthew Broderick/Natalie Merchant","5.8","37"
23,"David Duchovny/Puff Daddy/Jimmy Page","5.5","57"
24,"Cameron Diaz/Smashing Pumpkins","6.6","45"
24,"Kelsey Grammer/Sheryl Crow","5.6","38"
24,"Lucy Lawless/Elliott Smith","7.4","49"
24,"Ben Stiller/Alanis Morrisette","5.9","40"
24,"David Spade/Eagle-Eye Cherry","5.3","37"
24,"Joan Allen/Jewel","5.2","26"
24,"Jennifer Love Hewitt/Beastie Boys","5.5","52"
24,"Vince Vaughn/Lauryn Hill","5.6","31"
24,"Alec Baldwin/Luciano Pavarotti, Vanessa Williams","6.4","45"
24,"Bill Paxton/Beck","6.6","48"
24,"James Van Der Beek/Everlast","5.2","30"
24,"Gwyneth Paltrow/Barenaked Ladies","6.2","44"
24,"Brendan Fraser/The Roots","6.5","37"
24,"Bill Murray/Lucinda Williams","6.0","34"
24,"Ray Romano/The Corrs","5.4","30"
24,"Drew Barrymore/Garbage","6.7","42"
24,"John Goodman/Tom Petty & The Heartbreakers","5.8","35"
24,"Cuba Gooding, Jr./Ricky Martin","3.8","44"
24,"Sarah Michelle Gellar/Backstreet Boys","6.5","64"
25,"Jerry Seinfeld/David Bowie","7.6","62"
25,"Heather Graham/Marc Anthony","5.9","34"
25,"Norm Macdonald/Dr. Dre & Snoop Dogg","7.4","39"
25,"Dylan McDermott/Foo Fighters","6.1","32"
25,"Garth Brooks/Chris Gaines","6.4","35"
25,"Jennifer Aniston/Sting","6.6","58"
25,"Christina Ricci/Beck","5.9","36"
25,"Danny DeVito/R.E.M.","6.1","36"
25,"Jamie Foxx/Blink-182","5.8","35"
25,"Freddie Prinze, Jr./Macy Gray","6.5","42"
25,"Alan Cumming/Jennifer Lopez","5.9","43"
25,"Julianna Margulies/DMX","6.1","27"
25,"Ben Affleck/Fiona Apple","6.8","54"
25,"Joshua Jackson/'N Sync","6.3","48"
25,"The Rock/AC/DC","7.2","53"
25,"Christopher Walken/Christina Aguilera","8.1","73"
25,"Tobey Maguire/Sisqo","6.9","44"
25,"John Goodman/Neil Young","6.2","30"
25,"Britney Spears","4.9","66"
25,"Jackie Chan/Kid Rock","5.7","62"
26,"Rob Lowe/Eminem","6.4","56"
26,"Kate Hudson/Radiohead","7.2","54"
26,"Dana Carvey/The Wallflowers","5.5","47"
26,"Charlize Theron/Paul Simon","5.4","42"
26,"Calista Flockhart/Ricky Martin","4.7","39"
26,"Tom Green/David Gray","5.3","54"
26,"Val Kilmer/U2","6.4","49"
26,"Lucy Liu/Jay-Z","5.7","45"
26,"Charlie Sheen/Nelly Furtado","5.4","39"
26,"Mena Suvari/Lenny Kravitz","5.5","33"
26,"Jennifer Lopez","5.1","44"
26,"Sean Hayes/Shaggy","6.5","39"
26,"Katie Holmes/Dave Matthews Band","5.5","42"
26,"Conan O'Brien/Don Henley","7.5","69"
26,"Julia Stiles/Aerosmith","6.1","45"
26,"Alec Baldwin/Coldplay","6.0","49"
26,"Renée Zellweger/Eve","5.2","44"
26,"Pierce Brosnan/Destiny's Child","6.9","52"
26,"Lara Flynn Boyle/Bon Jovi","5.7","27"
26,"Christopher Walken/Weezer","7.4","50"
27,"Reese Witherspoon/Alicia Keys","6.7","40"
27,"Seann William Scott/Sum41","7.3","42"
27,"Drew Barrymore/Macy Gray","5.5","42"
27,"John Goodman/Ja Rule","5.9","35"
27,"Gwyneth Paltrow/Ryan Adams","6.0","41"
27,"Billy Bob Thornton/Creed","5.3","39"
27,"Derek Jeter/Shakira/Bubba Sparxxx","6.5","49"
27,"Hugh Jackman/Mick Jagger","6.9","67"
27,"Ellen Degeneres/No Doubt","5.9","40"
27,"Josh Hartnett/Pink","5.9","47"
27,"Jack Black/The Strokes","6.0","50"
27,"Britney Spears","6.3","58"
27,"Jonny Moseley/Outkast","5.0","28"
27,"Jon Stewart/India.Arie","6.1","37"
27,"Ian McKellen/Kylie Minogue","7.4","53"
27,"Cameron Diaz/Jimmy Eat World","5.4","31"
27,"The Rock/Andrew W.K.","5.4","43"
27,"Alec Baldwin/P.O.D.","5.8","46"
27,"Kirsten Dunst/Eminem","5.9","50"
27,"Winona Ryder/Moby","6.5","63"
28,"Matt Damon/Bruce Springsteen & The E Street Band","6.3","58"
28,"Sarah Michelle Gellar/Faith Hill","6.6","65"
28,"Senator John McCain/The White Stripes","5.3","63"
28,"Eric McCormack/Jay-Z","4.7","30"
28,"Nia Vardalos/Eve","4.3","27"
28,"Brittany Murphy/Nelly","5.5","36"
28,"Robert De Niro/Norah Jones","5.6","43"
28,"Al Gore/Phish","6.1","56"
28,"Jeff Gordon/Avril Lavigne","6.1","39"
28,"Ray Liotta/The Donnas","5.4","30"
28,"Matthew McConaughey/Dixie Chicks","5.9","31"
28,"Jennifer Garner/Beck","6.1","40"
28,"Christopher Walken/Foo Fighters","6.7","48"
28,"Queen Latifah/Ms. Dynamite","4.0","35"
28,"Salma Hayek/Christina Aguilera","6.0","42"
28,"Bernie Mac/Good Charlotte","4.5","30"
28,"Ray Romano/Zwan","4.9","26"
28,"Ashton Kutcher/50 Cent","3.9","38"
28,"Adrien Brody/Sean Paul & Wayne Wonder","5.6","41"
28,"Dan Aykroyd/Beyonce","5.4","38"
29,"Jack Black/John Mayer","5.3","39"
29,"Justin Timberlake","7.5","66"
29,"Halle Berry/Britney Spears","5.2","43"
29,"Kelly Ripa/Outkast","4.6","27"
29,"Andy Roddick/Dave Matthews","4.6","27"
29,"Alec Baldwin/Missy Elliott","5.8","43"
29,"Al Sharpton/Pink","3.8","48"
29,"Elijah Wood/Jet","6.4","46"
29,"Jennifer Aniston/Black Eyed Peas","7.1","47"
29,"Jessica Simpson and Nick Lachey/G-Unit","5.4","39"
29,"Megan Mullally/Clay Aiken","5.9","46"
29,"Drew Barrymore/Kelis","6.2","42"
29,"Christina Aguilera/Maroon 5","6.2","46"
29,"Colin Firth/Norah Jones","6.5","53"
29,"Ben Affleck/N.E.R.D.","5.6","39"
29,"Donald Trump/Toots and the Maytals","5.6","44"
29,"Janet Jackson","5.9","37"
29,"Lindsay Lohan/Usher","6.8","83"
29,"Snoop Dogg/Avril Lavigne","5.1","40"
29,"Mary-Kate & Ashley Olsen/J-Kwon","5.7","56"
30,"Ben Affleck/Nelly","6.9","53"
30,"Queen Latifah","5.3","43"
30,"Jude Law/Ashlee Simpson","6.5","64"
30,"Kate Winslet/Eminem","5.9","60"
30,"Liam Neeson/Modest Mouse","6.3","41"
30,"Luke Wilson/U2","5.9","41"
30,"Colin Farrell/Scissor Sisters","6.0","52"
30,"Robert De Niro/Destiny's Child","6.1","56"
30,"Topher Grace/The Killers","6.9","54"
30,"Paul Giamatti/Ludacris featuring Sum-41","5.7","35"
30,"Paris Hilton/Keane","3.4","79"
30,"Jason Bateman/Kelly Clarkson","7.4","47"
30,"Hilary Swank/50 Cent","4.8","42"
30,"David Spade/Jack Johnson","5.7","46"
30,"Ashton Kutcher/Gwen Stefani","4.5","50"
30,"Cameron Diaz/Green Day","5.4","60"
30,"Tom Brady/Beck","6.4","48"
30,"Johnny Knoxville/System of a Down","5.8","58"
30,"Will Ferrell/Queens of the Stone Age","7.4","59"
30,"Lindsay Lohan/Coldplay","5.7","60"
31,"Steve Carell/Kanye West","6.2","83"
31,"Jon Heder/Ashlee Simpson","4.7","49"
31,"Catherine Zeta-Jones/Franz Ferdinand","6.5","49"
31,"Lance Armstrong/Sheryl Crow","5.1","38"
31,"Jason Lee/Foo Fighters","6.2","49"
31,"Eva Longoria/Korn","6.2","49"
31,"Dane Cook/James Blunt","5.2","86"
31,"Alec Baldwin/Shakira","6.2","59"
31,"Jack Black/Neil Young","6.8","79"
31,"Scarlett Johansson/Death Cab for Cutie","6.9","72"
31,"Peter Sarsgaard/The Strokes","6.6","52"
31,"Steve Martin/Prince","7.6","64"
31,"Natalie Portman/Fall Out Boy","8.0","111"
31,"Matt Dillon/Arctic Monkeys","6.3","48"
31,"Antonio Banderas/Mary J. Blige","5.9","47"
31,"Lindsay Lohan/Pearl Jam","6.5","63"
31,"Tom Hanks/Red Hot Chili Peppers","6.4","67"
31,"Julia Louis-Dreyfus/Paul Simon","6.7","65"
31,"Kevin Spacey/Nelly Furtado","6.5","63"
32,"Dane Cook/The Killers","5.6","98"
32,"Jaime Pressly/Corinne Bailey Rae","5.6","56"
32,"John C. Reilly/My Chemical Romance","6.7","79"
32,"Hugh Laurie/Beck","7.5","99"
32,"Alec Baldwin/Christina Aguilera","7.5","86"
32,"Chris 'Ludacris' Bridges","5.7","46"
32,"Matthew Fox/Tenacious D","7.4","67"
32,"Annette Bening/Gwen Stefani/Akon","6.8","56"
32,"Justin Timberlake","8.5","209"
32,"Jake Gyllenhaal/The Shins","7.8","100"
32,"Jeremy Piven/AFI","7.4","73"
32,"Drew Barrymore/Lily Allen","7.5","77"
32,"Forest Whitaker/Keith Urban","6.5","47"
32,"Rainn Wilson/Arcade Fire","7.4","75"
32,"Julia Louis-Dreyfus/Snow Patrol","7.1","60"
32,"Peyton Manning/Carrie Underwood","8.2","137"
32,"Shia LaBeouf/Avril Lavigne","7.3","131"
32,"Scarlett Johansson/Björk","7.4","84"
32,"Molly Shannon/Linkin Park","7.9","52"
32,"Zach Braff/Maroon 5","7.4","80"
33,"LeBron James/Kanye West","6.9","100"
33,"Seth Rogen/Spoon","7.3","79"
33,"Jon Bon Jovi/Foo Fighters","7.1","74"
33,"Brian Williams/Feist","7.6","65"
33,"Tina Fey/Carrie Underwood","8.0","109"
33,"Ellen Page/Wilco","7.4","118"
33,"Amy Adams/Vampire Weekend","7.7","92"
33,"Jonah Hill/Mariah Carey","6.7","81"
33,"Christopher Walken/Panic at the Disco","8.0","104"
33,"Ashton Kutcher/Gnarls Barkley","7.0","74"
33,"Shia LaBeouf/My Morning Jacket","7.8","84"
33,"Steve Carell/Usher","7.8","91"
34,"Michael Phelps/Lil' Wayne","6.0","119"
34,"James Franco/Kings of Leon","6.7","121"
34,"Anna Faris/Duffy","6.5","80"
34,"Anne Hathaway/The Killers","7.7","136"
34,"Josh Brolin/Adele","7.7","114"
34,"Jon Hamm/Coldplay","7.6","101"
34,"Ben Affleck/David Cook","7.1","96"
34,"Paul Rudd/Beyoncé","7.7","123"
34,"Tim McGraw/Ludacris/T-Pain","6.4","55"
34,"John Malkovich/T.I.","7.3","93"
34,"Hugh Laurie/Kanye West","6.7","89"
34,"Neil Patrick Harris/Taylor Swift","7.1","108"
34,"Rosario Dawson/Fleet Foxes","5.9","74"
34,"Steve Martin/Jason Mraz","6.3","79"
34,"Bradley Cooper/TV on the Radio","6.4","80"
34,"Alec Baldwin/Jonas Brothers","6.8","95"
34,"Dwayne Johnson/Ray LaMontagne","7.4","87"
34,"Tracy Morgan/Kelly Clarkson","6.3","75"
34,"Seth Rogen/Phoenix","6.2","77"
34,"Zac Efron/Yeah Yeah Yeahs","6.9","107"
34,"Justin Timberlake/Ciara","8.1","174"
34,"Will Ferrell/Green Day","7.9","125"
35,"Megan Fox/U2","6.3","136"
35,"Ryan Reynolds/Lady Gaga","7.3","171"
35,"Drew Barrymore/Regina Spektor","6.0","98"
35,"Gerard Butler/Shakira","7.1","115"
35,"Taylor Swift","7.1","164"
35,"January Jones/Black Eyed Peas","4.4","101"
35,"Joseph Gordon-Levitt/Dave Matthews Band","7.5","130"
35,"Blake Lively/Rihanna","6.6","119"
35,"Taylor Lautner/Bon Jovi","5.9","125"
35,"James Franco/Muse","6.9","124"
35,"Charles Barkley/Alicia Keys","6.2","79"
35,"Sigourney Weaver/The Ting Tings","6.5","90"
35,"Jon Hamm/Michael Bublé","7.4","119"
35,"Ashton Kutcher/Them Crooked Vultures","6.0","86"
35,"Jennifer Lopez","6.2","95"
35,"Zach Galifianakis/Vampire Weekend","7.9","139"
35,"Jude Law/Pearl Jam","6.6","96"
35,"Tina Fey/Justin Bieber","7.4","155"
35,"Ryan Phillippe/Ke$ha","6.1","91"
35,"Gabourey Sidibe/MGMT","5.7","95"
35,"Betty White/Jay-Z","8.8","344"
35,"Alec Baldwin/Tom Petty & the Heartbreakers","6.6","97"
36,"Amy Poehler/Katy Perry","7.5","150"
36,"Bryan Cranston/Kanye West","6.9","129"
36,"Jane Lynch/Bruno Mars","6.4","103"
36,"Emma Stone/Kings of Leon","7.3","143"
36,"Jon Hamm/Rihanna","6.9","113"
36,"Scarlett Johansson/Arcade Fire","6.5","124"
36,"Anne Hathaway/Florence and the Machine","7.1","121"
36,"Robert De Niro/Diddy-Dirty Money","6.0","117"
36,"Paul Rudd/Paul McCartney","6.5","116"
36,"Jeff Bridges/Eminem and Lil Wayne","6.2","106"
36,"Jim Carrey/The Black Keys","7.4","136"
36,"Gwyneth Paltrow/Cee Lo Green","6.5","109"
36,"Jesse Eisenberg/Nicki Minaj","7.4","136"
36,"Dana Carvey/Linkin Park","7.4","113"
36,"Russell Brand/Chris Brown","6.2","114"
36,"Miley Cyrus/The Strokes","6.2","123"
36,"Zach Galifianakis/Jessie J","7.2","127"
36,"Elton John/Leon Russell","6.3","98"
36,"Helen Mirren/Foo Fighters","6.5","93"
36,"Tina Fey/Ellie Goulding","7.0","116"
36,"Ed Helms/Paul Simon","6.0","94"
36,"Justin Timberlake/Lady Gaga","8.4","230"
37,"Alec Baldwin/Radiohead","7.3","162"
37,"Melissa McCarthy/Lady Antebellum","7.6","171"
37,"Ben Stiller/Foster the People","7.4","144"
37,"Anna Faris/Drake","6.0","140"
37,"Charlie Day/Maroon 5","7.3","142"
37,"Emma Stone/Coldplay","7.5","155"
37,"Jason Segel/Florence and the Machine","7.8","152"
37,"Steve Buscemi/The Black Keys","7.0","114"
37,"Katy Perry/Robyn","7.4","153"
37,"Jimmy Fallon/Michael Bublé","8.5","238"
37,"Charles Barkley/Kelly Clarkson","5.9","120"
37,"Daniel Radcliffe/Lana Del Rey","6.7","167"
37,"Channing Tatum/Bon Iver","6.2","131"
37,"Zooey Deschanel/Karmin","7.6","162"
37,"Maya Rudolph/Sleigh Bells","8.1","173"
37,"Lindsay Lohan/Jack White","5.8","156"
37,"Jonah Hill/The Shins","7.1","130"
37,"Sofía Vergara/One Direction","7.5","157"
37,"Josh Brolin/Gotye","6.9","112"
37,"Eli Manning/Rihanna","6.5","115"
37,"Will Ferrell/Usher","7.7","111"
37,"Mick Jagger","8.0","151"
38,"Seth MacFarlane/Frank Ocean","7.9","261"
38,"Joseph Gordon-Levitt/Mumford & Sons","7.1","191"
38,"Daniel Craig/Muse","6.3","150"
38,"Christina Applegate/Passion Pit","6.8","140"
38,"Bruno Mars","7.5","178"
38,"Louis C.K./Fun","7.5","195"
38,"Anne Hathaway/Rihanna","7.6","176"
38,"Jeremy Renner/Maroon 5","6.7","162"
38,"Jamie Foxx/Ne-Yo","6.7","134"
38,"Martin Short/Paul McCartney","7.9","160"
38,"Jennifer Lawrence/The Lumineers","6.9","199"
38,"Adam Levine/Kendrick Lamar","6.6","157"
38,"Justin Bieber","4.1","211"
38,"Christoph Waltz/Alabama Shakes","7.2","178"
38,"Kevin Hart/Macklemore & Ryan Lewis","6.6","140"
38,"Justin Timberlake","8.5","273"
38,"Melissa McCarthy/Phoenix","7.2","133"
38,"Vince Vaughn/Miguel","5.2","98"
38,"Zach Galifianakis/Of Monsters and Men","7.7","132"
38,"Kristen Wiig/Vampire Weekend","7.3","130"
38,"Ben Affleck/Kanye West","7.6","134"
39,"Tina Fey/Arcade Fire","7.6","213"
39,"Miley Cyrus","6.3","224"
39,"Bruce Willis/Katy Perry","6.4","178"
39,"Edward Norton/Janelle Monae","7.3","166"
39,"Kerry Washington/Eminem","7.7","188"
39,"Lady Gaga","7.7","199"
39,"Josh Hutcherson/HAIM","7.6","192"
39,"Paul Rudd/One Direction","7.2","158"
39,"John Goodman/Kings of Leon","7.1","130"
39,"Jimmy Fallon/Justin Timberlake","8.8","415"
39,"Drake","7.2","172"
39,"Jonah Hill/Bastille","7.3","142"
39,"Melissa McCarthy/Imagine Dragons","6.5","165"
39,"Jim Parsons/Beck","6.1","158"
39,"Lena Dunham/The National","6.0","131"
39,"Louis C.K./Sam Smith","7.3","157"
39,"Anna Kendrick/Pharrell Williams","7.6","175"
39,"Seth Rogen/Ed Sheeran","6.4","130"
39,"Andrew Garfield/Coldplay","7.6","164"
39,"Charlize Theron/The Black Keys","6.2","120"
39,"Andy Samberg/St. Vincent","8.0","174"
40,"Chris Pratt/Ariana Grande","6.8","274"
40,"Sarah Silverman/Maroon 5","6.9","207"
40,"Bill Hader/Hozier","8.2","285"
40,"Jim Carrey/Iggy Azalea","7.8","287"
40,"Chris Rock/Prince","6.2","206"
40,"Woody Harrelson/Kendrick Lamar","7.4","187"
40,"Cameron Diaz/Mark Ronson & Bruno Mars","6.2","154"
40,"James Franco/Nicki Minaj","6.4","171"
40,"Martin Freeman/Charli XCX","7.7","199"
40,"Amy Adams/One Direction","7.1","172"
40,"Kevin Hart/Sia","6.8","160"
40,"Blake Shelton","5.8","154"
40,"J.K. Simmons/D'Angelo","7.3","156"
40,"Dakota Johnson/Alabama Shakes","6.0","154"
40,"Chris Hemsworth/Zac Brown Band","7.5","164"
40,"Dwayne Johnson/George Ezra","8.1","191"
40,"Michael Keaton/Carly Rae Jepsen","7.4","171"
40,"Taraji P. Henson/Mumford & Sons","5.8","144"
40,"Scarlett Johansson/Wiz Khalifa","6.6","133"
40,"Reese Witherspoon/Florence + the Machine","6.4","117"
40,"Louis C.K./Rihanna","7.3","148"
41,"Miley Cyrus","6.1","221"
41,"Amy Schumer/The Weeknd","6.8","227"
41,"Tracy Morgan/Demi Lovato","7.7","202"
41,"Donald Trump/Sia","3.7","492"
41,"Elizabeth Banks/Disclosure","7.1","164"
41,"Matthew McConaughey/Adele","7.4","196"
41,"Ryan Gosling/Leon Bridges","7.9","233"
41,"Chris Hemsworth/Chance The Rapper","6.6","146"
41,"Tina Fey & Amy Poehler/Bruce Springsteen and the E Street Band","7.9","253"
41,"Adam Driver/Chris Stapleton","7.5","218"
41,"Ronda Rousey/Selena Gomez","6.0","176"
41,"Larry David/The 1975","8.3","236"
41,"Melissa McCarthy/Kanye West","6.5","173"
41,"Jonah Hill/Future","5.5","155"
41,"Ariana Grande","8.0","239"
41,"Peter Dinklage/Gwen Stefani","7.3","274"
41,"Russell Crowe/Margo Price","5.4","138"
41,"Julia Louis-Dreyfus/Nick Jonas","6.3","145"
41,"Brie Larson/Alicia Keys","6.4","125"
41,"Drake","6.1","145"
41,"Fred Armisen/Courtney Barnett","7.9","163"
42,"Margot Robbie/The Weeknd","7.5","317"
42,"Lin-Manuel Miranda/Twenty One Pilots","7.4","305"
42,"Emily Blunt/Bruno Mars","6.2","236"
42,"Tom Hanks/Lady Gaga","7.8","343"
42,"Benedict Cumberbatch/Solange","6.3","228"
42,"Dave Chappelle/A Tribe Called Quest","7.9","425"
42,"Kristen Wiig/The XX","6.4","221"
42,"Emma Stone/Shawn Mendes","6.9","208"
42,"John Cena/Maren Morris","6.1","190"
42,"Casey Affleck/Chance the Rapper","6.6","206"
42,"Felicity Jones/Sturgill Simpson","5.3","224"
42,"Aziz Ansari/Big Sean","7.1","265"
42,"Kristen Stewart/Alessia Cara","7.9","348"
42,"Alec Baldwin/Ed Sheeran","6.9","215"
42,"Octavia Spencer/Father John Misty","5.6","161"
42,"Scarlett Johansson/Lorde","6.7","177"
42,"Louis C.K./The Chainsmokers","7.4","199"
42,"Jimmy Fallon/Harry Styles","6.4","185"
42,"Chris Pine/LCD Soundsystem","5.9","149"
42,"Melissa McCarthy/Haim","6.7","162"
42,"Dwayne Johnson/Katy Perry","7.4","157"
