"X1","X2","X3","X4","X5"
"#","Episode","UserRating","UserVotes",""
"1.1","George Carlin/Billy Preston/Janis Ian","7.6","266","1
2
3
4
5
6
7
8
9
10

7.6/10
X"
"1.2","Paul Simon/Randy Newman/Phoebe Snow","6.5","158","1
2
3
4
5
6
7
8
9
10

6.5/10
X"
"1.3","Rob Reiner","7.0","129","1
2
3
4
5
6
7
8
9
10

7.0/10
X"
"1.4","Candice Bergen/Esther Phillips","7.2","126","1
2
3
4
5
6
7
8
9
10

7.2/10
X"
"1.5","Robert Klein/ABBA, Loudon Wainwright III","6.8","109","1
2
3
4
5
6
7
8
9
10

6.8/10
X"
"1.6","Lily Tomlin","7.2","108","1
2
3
4
5
6
7
8
9
10

7.2/10
X"
"1.7","Richard Pryor/Gil Scott-Heron","8.6","170","1
2
3
4
5
6
7
8
9
10

8.6/10
X"
"1.8","Candice Bergen/Martha Reeves/The Stylistics","7.1","97","1
2
3
4
5
6
7
8
9
10

7.1/10
X"
"1.9","Elliott Gould/Anne Murray","7.0","84","1
2
3
4
5
6
7
8
9
10

7.0/10
X"
"1.10","Buck Henry/Bill Withers, Toni Basil","7.8","82","1
2
3
4
5
6
7
8
9
10

7.8/10
X"
"1.11","Peter Cook & Dudley Moore/Neil Sedaka","7.5","80","1
2
3
4
5
6
7
8
9
10

7.5/10
X"
"1.12","Dick Cavett/Jimmy Cliff","6.3","74","1
2
3
4
5
6
7
8
9
10

6.3/10
X"
"1.13","Peter Boyle/Al Jarreau","7.0","73","1
2
3
4
5
6
7
8
9
10

7.0/10
X"
"1.14","Desi Arnaz/Desi Arnaz, Jr.","7.7","84","1
2
3
4
5
6
7
8
9
10

7.7/10
X"
"1.15","Jill Clayburgh/Leon Redbone/The Singing Idlers","7.4","69","1
2
3
4
5
6
7
8
9
10

7.4/10
X"
"1.16","Anthony Perkins/Betty Carter","7.3","74","1
2
3
4
5
6
7
8
9
10

7.3/10
X"
"1.17","Ron Nessen/Patti Smith Group","7.0","70","1
2
3
4
5
6
7
8
9
10

7.0/10
X"
"1.18","Raquel Welch/Phoebe Snow, John Sebastian","6.8","72","1
2
3
4
5
6
7
8
9
10

6.8/10
X"
"1.19","Madeline Kahn/Carly Simon","8.1","74","1
2
3
4
5
6
7
8
9
10

8.1/10
X"
"1.20","Dyan Cannon/Leon & Mary Russell","6.7","66","1
2
3
4
5
6
7
8
9
10

6.7/10
X"
"1.21","Buck Henry/Gordon Lightfoot","7.4","64","1
2
3
4
5
6
7
8
9
10

7.4/10
X"
"1.22","Elliott Gould/Leon Redbone, Harlan Collins & Joyce Everson","8.0","61","1
2
3
4
5
6
7
8
9
10

8.0/10
X"
"1.23","Louise Lasser/Preservation Hall Jazz Band","5.5","64","1
2
3
4
5
6
7
8
9
10

5.5/10
X"
"1.24","Kris Kristofferson/Rita Coolidge","6.9","61","1
2
3
4
5
6
7
8
9
10

6.9/10
X"
"2.1","Lily Tomlin/James Taylor","7.4","61","1
2
3
4
5
6
7
8
9
10

7.4/10
X"
"2.2","Norman Lear/Boz Scaggs","7.6","55","1
2
3
4
5
6
7
8
9
10

7.6/10
X"
"2.3","Eric Idle/Joe Cocker/Stuff","7.7","65","1
2
3
4
5
6
7
8
9
10

7.7/10
X"
"2.4","Karen Black/John Prine","6.8","55","1
2
3
4
5
6
7
8
9
10

6.8/10
X"
"2.5","Steve Martin/Kinky Friedman","7.7","61","1
2
3
4
5
6
7
8
9
10

7.7/10
X"
"2.6","Buck Henry/The Band","7.6","62","1
2
3
4
5
6
7
8
9
10

7.6/10
X"
"2.7","Dick Cavett/Ry Cooder","7.0","46","1
2
3
4
5
6
7
8
9
10

7.0/10
X"
"2.8","Paul Simon/George Harrison","7.7","75","1
2
3
4
5
6
7
8
9
10

7.7/10
X"
"2.9","Jodie Foster/Brian Wilson","6.9","56","1
2
3
4
5
6
7
8
9
10

6.9/10
X"
"2.10","Candice Bergen/Frank Zappa","7.9","59","1
2
3
4
5
6
7
8
9
10

7.9/10
X"
"2.11","Ralph Nader/George Benson","7.3","49","1
2
3
4
5
6
7
8
9
10

7.3/10
X"
"2.12","Ruth Gordon/Chuck Berry","7.3","49","1
2
3
4
5
6
7
8
9
10

7.3/10
X"
"2.13","Fran Tarkenton/Leo Sayer, Donnie Harper and the Voices of Tomorrow","6.7","46","1
2
3
4
5
6
7
8
9
10

6.7/10
X"
"2.14","Live from Mardi Gras","6.5","41","1
2
3
4
5
6
7
8
9
10

6.5/10
X"
"2.15","Steve Martin/The Kinks","8.0","63","1
2
3
4
5
6
7
8
9
10

8.0/10
X"
"2.16","Sissy Spacek/Richard Baskin","7.2","53","1
2
3
4
5
6
7
8
9
10

7.2/10
X"
"2.17","Broderick Crawford/Levon Helm/Dr. John/The Meters","7.3","51","1
2
3
4
5
6
7
8
9
10

7.3/10
X"
"2.18","Jack Burns/Santana","7.2","49","1
2
3
4
5
6
7
8
9
10

7.2/10
X"
"2.19","Julian Bond/Tom Waits, Brick","6.7","49","1
2
3
4
5
6
7
8
9
10

6.7/10
X"
"2.20","Elliott Gould/Kate & Anna McGarrigle/Roslyn Kind","7.0","43","1
2
3
4
5
6
7
8
9
10

7.0/10
X"
"2.21","Eric Idle/Neil Innes","7.8","48","1
2
3
4
5
6
7
8
9
10

7.8/10
X"
"2.22","Shelley Duvall/Joan Armatrading","7.3","45","1
2
3
4
5
6
7
8
9
10

7.3/10
X"
"2.23","Buck Henry/Jennifer Warnes/Kenny Vance","7.9","43","1
2
3
4
5
6
7
8
9
10

7.9/10
X"
"3.1","Steve Martin/Jackson Browne","7.4","58","1
2
3
4
5
6
7
8
9
10

7.4/10
X"
"3.2","Madeline Kahn/Taj Mahal","6.8","45","1
2
3
4
5
6
7
8
9
10

6.8/10
X"
"3.3","Hugh Hefner/Libby Titus","6.4","42","1
2
3
4
5
6
7
8
9
10

6.4/10
X"
"3.4","Charles Grodin/Paul Simon","7.0","46","1
2
3
4
5
6
7
8
9
10

7.0/10
X"
"3.5","Ray Charles","7.9","49","1
2
3
4
5
6
7
8
9
10

7.9/10
X"
"3.6","Buck Henry/Leon Redbone","6.8","41","1
2
3
4
5
6
7
8
9
10

6.8/10
X"
"3.7","Mary Kay Place/Willie Nelson","7.5","36","1
2
3
4
5
6
7
8
9
10

7.5/10
X"
"3.8","Miskel Spillman/Elvis Costello","7.5","41","1
2
3
4
5
6
7
8
9
10

7.5/10
X"
"3.9","Steve Martin/Randy Newman, Dirt Band","7.8","52","1
2
3
4
5
6
7
8
9
10

7.8/10
X"
"3.10","Robert Klein/Bonnie Raitt","7.7","53","1
2
3
4
5
6
7
8
9
10

7.7/10
X"
"3.11","Chevy Chase/Billy Joel","7.5","45","1
2
3
4
5
6
7
8
9
10

7.5/10
X"
"3.12","O.J. Simpson/Ashford & Simpson","7.0","46","1
2
3
4
5
6
7
8
9
10

7.0/10
X"
"3.13","Art Garfunkel/Stephen Bishop","6.4","44","1
2
3
4
5
6
7
8
9
10

6.4/10
X"
"3.14","Jill Clayburgh/Eddie Money","6.6","38","1
2
3
4
5
6
7
8
9
10

6.6/10
X"
"3.15","Christopher Lee/Meat Loaf","7.7","54","1
2
3
4
5
6
7
8
9
10

7.7/10
X"
"3.16","Michael Palin/Eugene Record","7.8","40","1
2
3
4
5
6
7
8
9
10

7.8/10
X"
"3.17","Michael Sarrazin/Keith Jarrett, Gravity","7.0","38","1
2
3
4
5
6
7
8
9
10

7.0/10
X"
"3.18","Steve Martin/The Blues Brothers","8.4","84","1
2
3
4
5
6
7
8
9
10

8.4/10
X"
"3.19","Richard Dreyfuss/Jimmy Buffett, Gary Tigerman","7.4","36","1
2
3
4
5
6
7
8
9
10

7.4/10
X"
"3.20","Buck Henry/Sun Ra","7.2","37","1
2
3
4
5
6
7
8
9
10

7.2/10
X"
"4.1","The Rolling Stones","7.4","52","1
2
3
4
5
6
7
8
9
10

7.4/10
X"
"4.2","Fred Willard/Devo","7.2","42","1
2
3
4
5
6
7
8
9
10

7.2/10
X"
"4.3","Frank Zappa","7.0","53","1
2
3
4
5
6
7
8
9
10

7.0/10
X"
"4.4","Steve Martin/Van Morrison","8.2","44","1
2
3
4
5
6
7
8
9
10

8.2/10
X"
"4.5","Buck Henry/The Grateful Dead","7.0","41","1
2
3
4
5
6
7
8
9
10

7.0/10
X"
"4.6","Carrie Fisher/The Blues Brothers","7.9","80","1
2
3
4
5
6
7
8
9
10

7.9/10
X"
"4.7","Walter Matthau","7.6","40","1
2
3
4
5
6
7
8
9
10

7.6/10
X"
"4.8","Eric Idle/Kate Bush","7.9","60","1
2
3
4
5
6
7
8
9
10

7.9/10
X"
"4.9","Elliott Gould/Peter Tosh","6.2","42","1
2
3
4
5
6
7
8
9
10

6.2/10
X"
"4.10","Michael Palin/The Doobie Brothers","7.1","38","1
2
3
4
5
6
7
8
9
10

7.1/10
X"
"4.11","Cicely Tyson/Talking Heads","7.4","40","1
2
3
4
5
6
7
8
9
10

7.4/10
X"
"4.12","Ricky Nelson/Judy Collins","7.3","53","1
2
3
4
5
6
7
8
9
10

7.3/10
X"
"4.13","Kate Jackson/Delbert McClinton","6.3","34","1
2
3
4
5
6
7
8
9
10

6.3/10
X"
"4.14","Gary Busey/Eubie Blake and Gregory Hines","7.5","37","1
2
3
4
5
6
7
8
9
10

7.5/10
X"
"4.15","Margot Kidder/The Chieftains","6.9","43","1
2
3
4
5
6
7
8
9
10

6.9/10
X"
"4.16","Richard Benjamin/Rickie Lee Jones","7.5","42","1
2
3
4
5
6
7
8
9
10

7.5/10
X"
"4.17","Milton Berle/Ornette Coleman","6.4","41","1
2
3
4
5
6
7
8
9
10

6.4/10
X"
"4.18","Michael Palin/James Taylor","7.6","40","1
2
3
4
5
6
7
8
9
10

7.6/10
X"
"4.19","Maureen Stapleton/Linda Ronstadt/Phoebe Snow","7.4","34","1
2
3
4
5
6
7
8
9
10

7.4/10
X"
"4.20","Buck Henry/Bette Midler","7.8","38","1
2
3
4
5
6
7
8
9
10

7.8/10
X"
"5.1","Steve Martin/Blondie","7.8","53","1
2
3
4
5
6
7
8
9
10

7.8/10
X"
"5.2","Eric Idle/Bob Dylan","7.9","39","1
2
3
4
5
6
7
8
9
10

7.9/10
X"
"5.3","Bill Russell/Chicago","6.4","34","1
2
3
4
5
6
7
8
9
10

6.4/10
X"
"5.4","Buck Henry/Tom Petty & The Heartbreakers","6.6","37","1
2
3
4
5
6
7
8
9
10

6.6/10
X"
"5.5","Bea Arthur/The Roches","6.3","30","1
2
3
4
5
6
7
8
9
10

6.3/10
X"
"5.6","Howard Hesseman/Randy Newman","6.3","33","1
2
3
4
5
6
7
8
9
10

6.3/10
X"
"5.7","Martin Sheen/David Bowie","6.9","44","1
2
3
4
5
6
7
8
9
10

6.9/10
X"
"5.8","Ted Knight/Desmond Child & Rouge","6.2","29","1
2
3
4
5
6
7
8
9
10

6.2/10
X"
"5.9","Teri Garr/The B-52's","6.4","30","1
2
3
4
5
6
7
8
9
10

6.4/10
X"
"5.10","Chevy Chase/Marianne Faithfull","6.6","36","1
2
3
4
5
6
7
8
9
10

6.6/10
X"
"5.11","Elliott Gould/Gary Numan","6.0","27","1
2
3
4
5
6
7
8
9
10

6.0/10
X"
"5.12","Kirk Douglas/Sam and Dave","6.8","28","1
2
3
4
5
6
7
8
9
10

6.8/10
X"
"5.13","Rodney Dangerfield/The J. Geils Band","6.9","36","1
2
3
4
5
6
7
8
9
10

6.9/10
X"
"5.14","Paul Simon, James Taylor & David Sanborn","6.4","31","1
2
3
4
5
6
7
8
9
10

6.4/10
X"
"5.15","Richard Benjamin, Paula Prentiss/The Grateful Dead","6.1","28","1
2
3
4
5
6
7
8
9
10

6.1/10
X"
"5.16","Burt Reynolds/Anne Murray","5.6","31","1
2
3
4
5
6
7
8
9
10

5.6/10
X"
"5.17","Strother Martin/The Specials","7.1","34","1
2
3
4
5
6
7
8
9
10

7.1/10
X"
"5.18","Bob Newhart/The Amazing Rhthym Aces/Bruce Cockburn","7.5","29","1
2
3
4
5
6
7
8
9
10

7.5/10
X"
"5.19","Steve Martin/Paul & Linda McCartney/3-D","8.1","34","1
2
3
4
5
6
7
8
9
10

8.1/10
X"
"5.20","Buck Henry/Andrew Gold/Andrae Crouch & Voices of Unity","8.1","31","1
2
3
4
5
6
7
8
9
10

8.1/10
X"
"6.1","Elliott Gould/Kid Creole & the Coconuts","6.8","41","1
2
3
4
5
6
7
8
9
10

6.8/10
X"
"6.2","Malcolm McDowell/Captain Beefheart & The Magic Band","5.9","42","1
2
3
4
5
6
7
8
9
10

5.9/10
X"
"6.3","Ellen Burstyn/Aretha Franklin/Keith Sykes","6.6","30","1
2
3
4
5
6
7
8
9
10

6.6/10
X"
"6.4","Jamie Lee Curtis/James Brown/Ellen Shipley","6.4","32","1
2
3
4
5
6
7
8
9
10

6.4/10
X"
"6.5","David Carradine/Linda Ronstadt/Cast of 'The Pirates of Penzance'","6.0","36","1
2
3
4
5
6
7
8
9
10

6.0/10
X"
"6.6","Ray Sharkey/Jack Bruce & Friends","5.7","32","1
2
3
4
5
6
7
8
9
10

5.7/10
X"
"6.7","Karen Black/Cheap Trick/Stanley Clarke Trio","6.3","30","1
2
3
4
5
6
7
8
9
10

6.3/10
X"
"6.8","Robert Hays/14 Karat Soul/Joe 'King' Carrasco & The Crowns","6.2","20","1
2
3
4
5
6
7
8
9
10

6.2/10
X"
"6.9","Sally Kellerman/Jimmy Cliff","6.3","24","1
2
3
4
5
6
7
8
9
10

6.3/10
X"
"6.10","Deborah Harry/Funky 4 + 1 More","6.6","30","1
2
3
4
5
6
7
8
9
10

6.6/10
X"
"6.11","Charlene Tilton/Todd Rundgren/Prince","5.7","32","1
2
3
4
5
6
7
8
9
10

5.7/10
X"
"6.12","Bill Murray/Delbert McClinton","7.9","34","1
2
3
4
5
6
7
8
9
10

7.9/10
X"
"6.13","Jr. Walker & the All-Stars","7.9","30","1
2
3
4
5
6
7
8
9
10

7.9/10
X"
"7.1","Rod Stewart","6.6","36","1
2
3
4
5
6
7
8
9
10

6.6/10
X"
"7.2","Susan Saint James/The Kinks","5.9","33","1
2
3
4
5
6
7
8
9
10

5.9/10
X"
"7.3","George Kennedy/Miles Davis","7.6","26","1
2
3
4
5
6
7
8
9
10

7.6/10
X"
"7.4","Donald Pleasance/Fear","7.0","30","1
2
3
4
5
6
7
8
9
10

7.0/10
X"
"7.5","Lauren Hutton/Rick James & The Stone City Band","6.3","35","1
2
3
4
5
6
7
8
9
10

6.3/10
X"
"7.6","Bernadette Peters/Billy Joel/The Go-Go's","6.8","28","1
2
3
4
5
6
7
8
9
10

6.8/10
X"
"7.7","Tim Curry/Meat Loaf/The Neverland Express","6.8","25","1
2
3
4
5
6
7
8
9
10

6.8/10
X"
"7.8","Bill Murray/The Spinners/Yale Whiffenpoofs","6.5","37","1
2
3
4
5
6
7
8
9
10

6.5/10
X"
"7.9","Robert Conrad/The Allman Brothers Band","6.6","29","1
2
3
4
5
6
7
8
9
10

6.6/10
X"
"7.10","John Madden/Jennifer Holliday","6.5","32","1
2
3
4
5
6
7
8
9
10

6.5/10
X"
"7.11","James Coburn/Lindsey Buckingham","6.3","26","1
2
3
4
5
6
7
8
9
10

6.3/10
X"
"7.12","Bruce Dern/Luther Vandross","5.5","25","1
2
3
4
5
6
7
8
9
10

5.5/10
X"
"7.13","Elizabeth Ashley/Hall & Oates","7.8","28","1
2
3
4
5
6
7
8
9
10

7.8/10
X"
"7.14","Robert Urich/Mink DeVille","6.5","22","1
2
3
4
5
6
7
8
9
10

6.5/10
X"
"7.15","Blythe Danner/Rickie Lee Jones","5.7","29","1
2
3
4
5
6
7
8
9
10

5.7/10
X"
"7.16","Daniel J. Travanti/John Cougar","6.4","27","1
2
3
4
5
6
7
8
9
10

6.4/10
X"
"7.17","Johnny Cash/Elton John","7.9","40","1
2
3
4
5
6
7
8
9
10

7.9/10
X"
"7.18","Robert Culp/The Charlie Daniels Band","6.4","23","1
2
3
4
5
6
7
8
9
10

6.4/10
X"
"7.19","Danny DeVito/Sparks","6.9","21","1
2
3
4
5
6
7
8
9
10

6.9/10
X"
"7.20","Olivia Newton-John","7.9","30","1
2
3
4
5
6
7
8
9
10

7.9/10
X"
"8.1","Chevy Chase/Queen","8.5","45","1
2
3
4
5
6
7
8
9
10

8.5/10
X"
"8.2","Louis Gossett Jr/George Thorogood & The Destroyers","7.3","26","1
2
3
4
5
6
7
8
9
10

7.3/10
X"
"8.3","Ron Howard/The Clash","8.2","41","1
2
3
4
5
6
7
8
9
10

8.2/10
X"
"8.4","Howard Hesseman/Men at Work","7.5","29","1
2
3
4
5
6
7
8
9
10

7.5/10
X"
"8.5","Michael Keaton/The New Joe Jackson Band","7.2","37","1
2
3
4
5
6
7
8
9
10

7.2/10
X"
"8.6","Robert Blake/Kenny Loggins","5.9","25","1
2
3
4
5
6
7
8
9
10

5.9/10
X"
"8.7","Drew Barrymore/Squeeze","7.9","44","1
2
3
4
5
6
7
8
9
10

7.9/10
X"
"8.8","Tom & Dick Smothers/Laura Branigan","7.5","30","1
2
3
4
5
6
7
8
9
10

7.5/10
X"
"8.9","Eddie Murphy/Lionel Richie","8.1","38","1
2
3
4
5
6
7
8
9
10

8.1/10
X"
"8.10","Lily Tomlin","7.0","28","1
2
3
4
5
6
7
8
9
10

7.0/10
X"
"8.11","Rick Moranis and Dave Thomas/The Bus Boys","7.8","31","1
2
3
4
5
6
7
8
9
10

7.8/10
X"
"8.12","Sid Caesar/Joe Cocker/Jennifer Warnes","6.5","26","1
2
3
4
5
6
7
8
9
10

6.5/10
X"
"8.13","Howard Hesseman/Tom Petty & The Heartbreakers","7.5","24","1
2
3
4
5
6
7
8
9
10

7.5/10
X"
"8.14","Beau and Jeff Bridges/Randy Newman","6.6","25","1
2
3
4
5
6
7
8
9
10

6.6/10
X"
"8.15","Bruce Dern/Leon Redbone","6.7","23","1
2
3
4
5
6
7
8
9
10

6.7/10
X"
"8.16","Robert Guilaume/Duran Duran","7.8","22","1
2
3
4
5
6
7
8
9
10

7.8/10
X"
"8.17","Joan Rivers/Musical Youth","8.0","27","1
2
3
4
5
6
7
8
9
10

8.0/10
X"
"8.18","Susan Saint James/Michael McDonald","7.6","26","1
2
3
4
5
6
7
8
9
10

7.6/10
X"
"8.19","Stevie Wonder","7.9","29","1
2
3
4
5
6
7
8
9
10

7.9/10
X"
"8.20","Ed Koch/Kevin Rowland & Dexy's Midnight Runners","8.0","23","1
2
3
4
5
6
7
8
9
10

8.0/10
X"
"9.1","Brandon Tartikoff/John Cougar Mellencamp","6.0","24","1
2
3
4
5
6
7
8
9
10

6.0/10
X"
"9.2","Danny DeVito & Rhea Pearlman/Eddy Grant","6.1","32","1
2
3
4
5
6
7
8
9
10

6.1/10
X"
"9.3","John Candy/Men at Work","6.4","27","1
2
3
4
5
6
7
8
9
10

6.4/10
X"
"9.4","Betty Thomas/Stray Cats","5.8","32","1
2
3
4
5
6
7
8
9
10

5.8/10
X"
"9.5","Teri Garr/Mick Fleetwood's Zoo","5.7","28","1
2
3
4
5
6
7
8
9
10

5.7/10
X"
"9.6","Jerry Lewis/Loverboy","5.7","31","1
2
3
4
5
6
7
8
9
10

5.7/10
X"
"9.7","The Smothers Brothers/Big Country","5.7","32","1
2
3
4
5
6
7
8
9
10

5.7/10
X"
"9.8","Flip Wilson/Stevie Nicks","6.2","28","1
2
3
4
5
6
7
8
9
10

6.2/10
X"
"9.9","Father Guido Sarducci/Huey Lewis & The News","6.3","30","1
2
3
4
5
6
7
8
9
10

6.3/10
X"
"9.10","Michael Palin/Mary Palin/The Motels","6.5","29","1
2
3
4
5
6
7
8
9
10

6.5/10
X"
"9.11","Don Rickles/Billy Idol","8.0","25","1
2
3
4
5
6
7
8
9
10

8.0/10
X"
"9.12","Robin Williams/Adam Ant","6.4","34","1
2
3
4
5
6
7
8
9
10

6.4/10
X"
"9.13","Jamie Lee Curtis/The Fixx","6.9","27","1
2
3
4
5
6
7
8
9
10

6.9/10
X"
"9.14","Edwin Newman/Kool & The Gang","6.3","22","1
2
3
4
5
6
7
8
9
10

6.3/10
X"
"9.15","Billy Crystal/Al Jarreau","5.8","29","1
2
3
4
5
6
7
8
9
10

5.8/10
X"
"9.16","Michael Douglas/Deniece Williams","6.5","34","1
2
3
4
5
6
7
8
9
10

6.5/10
X"
"9.17","George McGovern/Madness","5.8","32","1
2
3
4
5
6
7
8
9
10

5.8/10
X"
"9.18","Barry Bostwick/Spinal Tap","7.7","29","1
2
3
4
5
6
7
8
9
10

7.7/10
X"
"9.19","Billy Crystal/Ed Koch/Edwin Newman/Don Novello/Betty Thomas/The Cars","6.2","31","1
2
3
4
5
6
7
8
9
10

6.2/10
X"
"10.1","Thompson Twins","6.3","26","1
2
3
4
5
6
7
8
9
10

6.3/10
X"
"10.2","Bob Uecker/Peter Wolf","6.6","26","1
2
3
4
5
6
7
8
9
10

6.6/10
X"
"10.3","Jesse Jackson/Andrae Crouch, Wintley Phipps","6.2","32","1
2
3
4
5
6
7
8
9
10

6.2/10
X"
"10.4","Michael McKean/Chaka Khan/The Folksmen","7.0","27","1
2
3
4
5
6
7
8
9
10

7.0/10
X"
"10.5","George Carlin/Frankie Goes to Hollywood","8.0","33","1
2
3
4
5
6
7
8
9
10

8.0/10
X"
"10.6","Ed Asner/The Kinks","7.5","25","1
2
3
4
5
6
7
8
9
10

7.5/10
X"
"10.7","Ed Begley Jr/Billy Squier","5.4","28","1
2
3
4
5
6
7
8
9
10

5.4/10
X"
"10.8","Ringo Starr/Herbie Hancock","6.6","30","1
2
3
4
5
6
7
8
9
10

6.6/10
X"
"10.9","Eddie Murphy/Robert Plant & The Honeydrippers","7.4","48","1
2
3
4
5
6
7
8
9
10

7.4/10
X"
"10.10","Kathleen Turner/John Waite","5.9","27","1
2
3
4
5
6
7
8
9
10

5.9/10
X"
"10.11","Roy Scheider/Billy Ocean","7.6","27","1
2
3
4
5
6
7
8
9
10

7.6/10
X"
"10.12","Alex Karras/Tina Turner","6.4","25","1
2
3
4
5
6
7
8
9
10

6.4/10
X"
"10.13","Harry Anderson/Bryan Adams","5.8","33","1
2
3
4
5
6
7
8
9
10

5.8/10
X"
"10.14","Pamela Sue Martin/Power Station","5.4","30","1
2
3
4
5
6
7
8
9
10

5.4/10
X"
"10.15","SNL Film Festival","7.2","25","1
2
3
4
5
6
7
8
9
10

7.2/10
X"
"10.16","Mr. T and Hulk Hogan/The Commodores","6.1","34","1
2
3
4
5
6
7
8
9
10

6.1/10
X"
"10.17","Christopher Reeve/Santana","6.2","28","1
2
3
4
5
6
7
8
9
10

6.2/10
X"
"10.18","Howard Cosell/Greg Kihn","6.2","28","1
2
3
4
5
6
7
8
9
10

6.2/10
X"
"11.1","Madonna/Simple Minds","6.3","35","1
2
3
4
5
6
7
8
9
10

6.3/10
X"
"11.2","Chevy Chase/Sheila E.","6.5","32","1
2
3
4
5
6
7
8
9
10

6.5/10
X"
"11.3","Pee Wee Herman/Queen Ida & The Bon Temps Zydeco Band","6.3","27","1
2
3
4
5
6
7
8
9
10

6.3/10
X"
"11.4","John Lithgow/Mr. Mister","6.8","23","1
2
3
4
5
6
7
8
9
10

6.8/10
X"
"11.5","Tom Hanks/Sade","6.3","33","1
2
3
4
5
6
7
8
9
10

6.3/10
X"
"11.6","Teri Garr/Dream Academy/The Cult","6.5","25","1
2
3
4
5
6
7
8
9
10

6.5/10
X"
"11.7","Harry Dean Stanton/The Replacements","6.4","26","1
2
3
4
5
6
7
8
9
10

6.4/10
X"
"11.8","Dudley Moore/Al Green","6.1","23","1
2
3
4
5
6
7
8
9
10

6.1/10
X"
"11.9","Ron Reagan/The Nelsons","6.6","23","1
2
3
4
5
6
7
8
9
10

6.6/10
X"
"11.10","Jerry Hall/Stevie Ray Vaughan/Jimmie Vaughan","5.9","32","1
2
3
4
5
6
7
8
9
10

5.9/10
X"
"11.11","Jay Leno/The Neville Brothers","5.0","23","1
2
3
4
5
6
7
8
9
10

5.0/10
X"
"11.12","Griffin Dunne/Rosanne Cash","6.7","19","1
2
3
4
5
6
7
8
9
10

6.7/10
X"
"11.13","George Wendt and Francis Ford Coppola/Philip Glass","6.7","19","1
2
3
4
5
6
7
8
9
10

6.7/10
X"
"11.14","Oprah Winfrey/Joe Jackson","5.6","27","1
2
3
4
5
6
7
8
9
10

5.6/10
X"
"11.15","Tony Danza/Laurie Anderson","5.1","25","1
2
3
4
5
6
7
8
9
10

5.1/10
X"
"11.16","Catherine Oxenberg and Paul Simon/Ladysmith Black Mambazo","6.9","31","1
2
3
4
5
6
7
8
9
10

6.9/10
X"
"11.17","Jimmy Breslin and Marvin Hagler/Level 42/E.G. Daily","5.9","25","1
2
3
4
5
6
7
8
9
10

5.9/10
X"
"11.18","Anjelica Huston and Billy Martin/George Clinton & Parliament-Funkadelic","7.6","32","1
2
3
4
5
6
7
8
9
10

7.6/10
X"
"12.1","Sigourney Weaver/Buster Poindexter","7.8","49","1
2
3
4
5
6
7
8
9
10

7.8/10
X"
"12.2","Malcolm-Jamal Warner/Run-DMC","6.0","30","1
2
3
4
5
6
7
8
9
10

6.0/10
X"
"12.3","Rosanna Arquette/Ric Ocasek","6.1","19","1
2
3
4
5
6
7
8
9
10

6.1/10
X"
"12.4","Sam Kinison/Lou Reed","6.6","27","1
2
3
4
5
6
7
8
9
10

6.6/10
X"
"12.5","Robin Williams/Paul Simon","8.0","27","1
2
3
4
5
6
7
8
9
10

8.0/10
X"
"12.6","Chevy Chase/Steve Martin/Martin Short/Randy Newman","8.1","31","1
2
3
4
5
6
7
8
9
10

8.1/10
X"
"12.7","Steve Guttenberg/The Pretenders","6.9","25","1
2
3
4
5
6
7
8
9
10

6.9/10
X"
"12.8","William Shatner/Lone Justice","8.0","45","1
2
3
4
5
6
7
8
9
10

8.0/10
X"
"12.9","Walter Payton & Joe Montana/Debbie Harry","6.4","23","1
2
3
4
5
6
7
8
9
10

6.4/10
X"
"12.10","Paul Shaffer/Bruce Hornsby & The Range","5.6","22","1
2
3
4
5
6
7
8
9
10

5.6/10
X"
"12.11","Bronson Pinchot/Paul Young/Buster Poindexter","6.2","22","1
2
3
4
5
6
7
8
9
10

6.2/10
X"
"12.12","Willie Nelson","7.1","23","1
2
3
4
5
6
7
8
9
10

7.1/10
X"
"12.13","Valerie Bertinelli/Robert Cray Band","6.7","22","1
2
3
4
5
6
7
8
9
10

6.7/10
X"
"12.14","Bill Murray/Percy Sledge","6.4","20","1
2
3
4
5
6
7
8
9
10

6.4/10
X"
"12.15","Charlton Heston/Wynton Marsalis","7.2","31","1
2
3
4
5
6
7
8
9
10

7.2/10
X"
"12.16","John Lithgow/Anita Baker","5.6","22","1
2
3
4
5
6
7
8
9
10

5.6/10
X"
"12.17","John Larroquette/Timbuk-3","6.1","21","1
2
3
4
5
6
7
8
9
10

6.1/10
X"
"12.18","Mark Harmon/Suzanne Vega","5.4","23","1
2
3
4
5
6
7
8
9
10

5.4/10
X"
"12.19","Garry Shandling/Los Lobos","5.7","30","1
2
3
4
5
6
7
8
9
10

5.7/10
X"
"12.20","Dennis Hopper/Roy Orbison","6.4","27","1
2
3
4
5
6
7
8
9
10

6.4/10
X"
"13.1","Steve Martin/Sting","7.1","35","1
2
3
4
5
6
7
8
9
10

7.1/10
X"
"13.2","Sean Penn/L.L. Cool J, Michael Penn & The Pull","5.8","29","1
2
3
4
5
6
7
8
9
10

5.8/10
X"
"13.3","Dabney Coleman/The Cars","7.6","25","1
2
3
4
5
6
7
8
9
10

7.6/10
X"
"13.4","Robert Mitchum/Simply Red","5.6","29","1
2
3
4
5
6
7
8
9
10

5.6/10
X"
"13.5","Candice Bergen/Cher","6.3","26","1
2
3
4
5
6
7
8
9
10

6.3/10
X"
"13.6","Danny DeVito/Bryan Ferry","5.7","25","1
2
3
4
5
6
7
8
9
10

5.7/10
X"
"13.7","Angie Dickinson/Buster Pointdexter/David Gilmour","6.1","23","1
2
3
4
5
6
7
8
9
10

6.1/10
X"
"13.8","Paul Simon/Linda Ronstadt","5.5","25","1
2
3
4
5
6
7
8
9
10

5.5/10
X"
"13.9","Robin Williams/James Taylor","6.7","25","1
2
3
4
5
6
7
8
9
10

6.7/10
X"
"13.10","Carl Weathers/Robbie Robertson","6.0","21","1
2
3
4
5
6
7
8
9
10

6.0/10
X"
"13.11","Justine Bateman/Terrance Trent D'Arby","6.4","23","1
2
3
4
5
6
7
8
9
10

6.4/10
X"
"13.12","Tom Hanks/Randy Travis","5.8","32","1
2
3
4
5
6
7
8
9
10

5.8/10
X"
"13.13","Judge Reinhold/10,000 Maniacs","6.4","21","1
2
3
4
5
6
7
8
9
10

6.4/10
X"
"14.1","Tom Hanks/Keith Richards","6.8","43","1
2
3
4
5
6
7
8
9
10

6.8/10
X"
"14.2","Matthew Broderick/The Sugarcubes","5.4","30","1
2
3
4
5
6
7
8
9
10

5.4/10
X"
"14.3","John Larroquette/Randy Newman & Mark Knopfler","5.8","25","1
2
3
4
5
6
7
8
9
10

5.8/10
X"
"14.4","Matthew Modine/Edie Brickell & New Bohemians","5.6","23","1
2
3
4
5
6
7
8
9
10

5.6/10
X"
"14.5","Demi Moore/Johnny Clegg & Savuka","6.3","29","1
2
3
4
5
6
7
8
9
10

6.3/10
X"
"14.6","John Lithgow/Tracy Chapman","6.4","23","1
2
3
4
5
6
7
8
9
10

6.4/10
X"
"14.7","Danny DeVito/The Bangles","6.3","27","1
2
3
4
5
6
7
8
9
10

6.3/10
X"
"14.8","Kevin Kline/Bobby McFerrin","7.0","24","1
2
3
4
5
6
7
8
9
10

7.0/10
X"
"14.9","Melanie Griffith/Little Feat","6.4","24","1
2
3
4
5
6
7
8
9
10

6.4/10
X"
"14.10","John Malkovich/Anita Baker","6.2","22","1
2
3
4
5
6
7
8
9
10

6.2/10
X"
"14.11","Tony Danza/John Hiatt","6.4","19","1
2
3
4
5
6
7
8
9
10

6.4/10
X"
"14.12","Ted Danson/Luther Vandross","5.6","27","1
2
3
4
5
6
7
8
9
10

5.6/10
X"
"14.13","Leslie Nielsen/Cowboy Junkies","6.2","30","1
2
3
4
5
6
7
8
9
10

6.2/10
X"
"14.14","Glenn Close/Gipsy Kings","5.9","31","1
2
3
4
5
6
7
8
9
10

5.9/10
X"
"14.15","Mary Tyler Moore/Elvis Costello","6.1","28","1
2
3
4
5
6
7
8
9
10

6.1/10
X"
"14.16","Mel Gibson/Living Colour","5.8","39","1
2
3
4
5
6
7
8
9
10

5.8/10
X"
"14.17","Dolly Parton","6.0","29","1
2
3
4
5
6
7
8
9
10

6.0/10
X"
"14.18","Geena Davis/John Mellencamp","5.7","26","1
2
3
4
5
6
7
8
9
10

5.7/10
X"
"14.19","Wayne Gretzky/Fine Young Cannibals","6.2","29","1
2
3
4
5
6
7
8
9
10

6.2/10
X"
"14.20","Steve Martin/Tom Petty & The Heartbreakers","7.6","30","1
2
3
4
5
6
7
8
9
10

7.6/10
X"
"15.1","Bruce Willis/Neil Young","6.6","34","1
2
3
4
5
6
7
8
9
10

6.6/10
X"
"15.2","Rick Moranis/Rickie Lee Jones","5.9","32","1
2
3
4
5
6
7
8
9
10

5.9/10
X"
"15.3","Kathleen Turner/Billy Joel","6.2","27","1
2
3
4
5
6
7
8
9
10

6.2/10
X"
"15.4","James Woods/Don Henley","5.9","27","1
2
3
4
5
6
7
8
9
10

5.9/10
X"
"15.5","Chris Evert/Eurythmics","6.0","23","1
2
3
4
5
6
7
8
9
10

6.0/10
X"
"15.6","Woody Harrelson/David Byrne","6.0","36","1
2
3
4
5
6
7
8
9
10

6.0/10
X"
"15.7","John Goodman/k.d. lang","5.9","28","1
2
3
4
5
6
7
8
9
10

5.9/10
X"
"15.8","Robert Wagner/Linda Ronstadt & Aaron Neville","6.1","21","1
2
3
4
5
6
7
8
9
10

6.1/10
X"
"15.9","Andie MacDowell/Tracy Chapman","5.3","22","1
2
3
4
5
6
7
8
9
10

5.3/10
X"
"15.10","Ed O'Neill/Harry Connick Jr.","6.1","36","1
2
3
4
5
6
7
8
9
10

6.1/10
X"
"15.11","Christopher Walken/Bonnie Raitt","6.3","27","1
2
3
4
5
6
7
8
9
10

6.3/10
X"
"15.12","Quincy Jones & Co.","5.5","26","1
2
3
4
5
6
7
8
9
10

5.5/10
X"
"15.13","Tom Hanks/Aerosmith","6.7","40","1
2
3
4
5
6
7
8
9
10

6.7/10
X"
"15.14","Fred Savage/Technotronic","6.5","30","1
2
3
4
5
6
7
8
9
10

6.5/10
X"
"15.15","Rob Lowe/The Pogues","6.1","37","1
2
3
4
5
6
7
8
9
10

6.1/10
X"
"15.16","Debra Winger/Eric Clapton","5.8","28","1
2
3
4
5
6
7
8
9
10

5.8/10
X"
"15.17","Corbin Bernsen/The Smithereens","5.9","26","1
2
3
4
5
6
7
8
9
10

5.9/10
X"
"15.18","Alec Baldwin/The B-52's","6.5","44","1
2
3
4
5
6
7
8
9
10

6.5/10
X"
"15.19","Andrew Dice Clay/Julee Cruise/Spanic Boys","6.6","38","1
2
3
4
5
6
7
8
9
10

6.6/10
X"
"15.20","Candice Bergen/The Notting Hillbillies","4.9","23","1
2
3
4
5
6
7
8
9
10

4.9/10
X"
"16.1","Kyle MacLachlan/Sinéad O'Connor","7.3","52","1
2
3
4
5
6
7
8
9
10

7.3/10
X"
"16.2","Susan Lucci/Hothouse Flowers","6.5","28","1
2
3
4
5
6
7
8
9
10

6.5/10
X"
"16.3","George Steinbrenner/Morris Day & The Time","6.2","30","1
2
3
4
5
6
7
8
9
10

6.2/10
X"
"16.4","Patrick Swayze/Mariah Carey","7.9","59","1
2
3
4
5
6
7
8
9
10

7.9/10
X"
"16.5","Jimmy Smits/World Party","6.2","27","1
2
3
4
5
6
7
8
9
10

6.2/10
X"
"16.6","Dennis Hopper/Paul Simon","6.5","25","1
2
3
4
5
6
7
8
9
10

6.5/10
X"
"16.7","John Goodman/Faith No More","6.9","39","1
2
3
4
5
6
7
8
9
10

6.9/10
X"
"16.8","Tom Hanks/Edie Brickell & New Bohemians","6.7","42","1
2
3
4
5
6
7
8
9
10

6.7/10
X"
"16.9","Dennis Quaid/The Neville Brothers","5.7","30","1
2
3
4
5
6
7
8
9
10

5.7/10
X"
"16.10","Joe Mantegna/Vanilla Ice","6.5","31","1
2
3
4
5
6
7
8
9
10

6.5/10
X"
"16.11","Sting","6.4","36","1
2
3
4
5
6
7
8
9
10

6.4/10
X"
"16.12","Kevin Bacon/INXS","6.5","29","1
2
3
4
5
6
7
8
9
10

6.5/10
X"
"16.13","Roseanne Barr/Deee-lite","5.4","31","1
2
3
4
5
6
7
8
9
10

5.4/10
X"
"16.14","Alec Baldwin/Whitney Houston","6.8","55","1
2
3
4
5
6
7
8
9
10

6.8/10
X"
"16.15","Michael J. Fox/Black Crowes","6.6","39","1
2
3
4
5
6
7
8
9
10

6.6/10
X"
"16.16","Jeremy Irons/Fishbone","7.0","35","1
2
3
4
5
6
7
8
9
10

7.0/10
X"
"16.17","Catherine O'Hara/R.E.M.","6.6","31","1
2
3
4
5
6
7
8
9
10

6.6/10
X"
"16.18","Steven Seagal/Michael Bolton","6.0","43","1
2
3
4
5
6
7
8
9
10

6.0/10
X"
"16.19","Delta Burke/Chris Isaak","6.0","28","1
2
3
4
5
6
7
8
9
10

6.0/10
X"
"16.20","George Wendt/Elvis Costello","5.9","35","1
2
3
4
5
6
7
8
9
10

5.9/10
X"
"17.1","Michael Jordan/Public Enemy","7.2","59","1
2
3
4
5
6
7
8
9
10

7.2/10
X"
"17.2","Jeff Daniels/Color Me Badd","7.4","34","1
2
3
4
5
6
7
8
9
10

7.4/10
X"
"17.3","Kirstie Alley/Tom Petty & The Heartbreakers","6.9","29","1
2
3
4
5
6
7
8
9
10

6.9/10
X"
"17.4","Christian Slater/Bonnie Raitt","7.8","37","1
2
3
4
5
6
7
8
9
10

7.8/10
X"
"17.5","Kiefer Sutherland/Skid Row","7.7","34","1
2
3
4
5
6
7
8
9
10

7.7/10
X"
"17.6","Linda Hamilton/Mariah Carey","7.9","52","1
2
3
4
5
6
7
8
9
10

7.9/10
X"
"17.7","Macaulay Culkin/Tin Machine","7.4","44","1
2
3
4
5
6
7
8
9
10

7.4/10
X"
"17.8","Hammer","5.0","29","1
2
3
4
5
6
7
8
9
10

5.0/10
X"
"17.9","Steve Martin/James Taylor","8.0","46","1
2
3
4
5
6
7
8
9
10

8.0/10
X"
"17.10","Rob Morrow/Nirvana","7.6","37","1
2
3
4
5
6
7
8
9
10

7.6/10
X"
"17.11","Chevy Chase/Robbie Robertson","6.8","33","1
2
3
4
5
6
7
8
9
10

6.8/10
X"
"17.12","Susan Dey/C+C Music Factory","7.6","25","1
2
3
4
5
6
7
8
9
10

7.6/10
X"
"17.13","Jason Priestly/Teenage Fanclub","7.8","34","1
2
3
4
5
6
7
8
9
10

7.8/10
X"
"17.14","Roseanne & Tom Arnold/Red Hot Chili Peppers","7.8","56","1
2
3
4
5
6
7
8
9
10

7.8/10
X"
"17.15","John Goodman/Garth Brooks","7.7","32","1
2
3
4
5
6
7
8
9
10

7.7/10
X"
"17.16","Mary Stuart Masterson/En Vogue","6.3","27","1
2
3
4
5
6
7
8
9
10

6.3/10
X"
"17.17","Sharon Stone/Pearl Jam","7.9","41","1
2
3
4
5
6
7
8
9
10

7.9/10
X"
"17.18","Jerry Seinfeld/Annie Lennox","7.2","56","1
2
3
4
5
6
7
8
9
10

7.2/10
X"
"17.19","Tom Hanks/Bruce Springsteen","7.3","40","1
2
3
4
5
6
7
8
9
10

7.3/10
X"
"17.20","Woody Harrelson/Vanessa Williams","6.7","30","1
2
3
4
5
6
7
8
9
10

6.7/10
X"
"18.1","Nicolas Cage/Bobby Brown","6.3","37","1
2
3
4
5
6
7
8
9
10

6.3/10
X"
"18.2","Tim Robbins/Sinéad O'Connor","6.5","40","1
2
3
4
5
6
7
8
9
10

6.5/10
X"
"18.3","Joe Pesci/Spin Doctors","6.7","41","1
2
3
4
5
6
7
8
9
10

6.7/10
X"
"18.4","Christopher Walken/Arrested Development","7.7","45","1
2
3
4
5
6
7
8
9
10

7.7/10
X"
"18.5","Catherine O'Hara/10,000 Maniacs","6.8","35","1
2
3
4
5
6
7
8
9
10

6.8/10
X"
"18.6","Michael Keaton/Morrissey","7.2","37","1
2
3
4
5
6
7
8
9
10

7.2/10
X"
"18.7","Sinbad/Sade","5.1","26","1
2
3
4
5
6
7
8
9
10

5.1/10
X"
"18.8","Tom Arnold/Neil Young","5.5","33","1
2
3
4
5
6
7
8
9
10

5.5/10
X"
"18.9","Glenn Close/Black Crowes","6.2","28","1
2
3
4
5
6
7
8
9
10

6.2/10
X"
"18.10","Danny DeVito/Bon Jovi","6.3","34","1
2
3
4
5
6
7
8
9
10

6.3/10
X"
"18.11","Harvey Keitel/Madonna","7.2","38","1
2
3
4
5
6
7
8
9
10

7.2/10
X"
"18.12","Luke Perry/Mick Jagger","5.5","36","1
2
3
4
5
6
7
8
9
10

5.5/10
X"
"18.13","Alec Baldwin/Paul McCartney","7.7","49","1
2
3
4
5
6
7
8
9
10

7.7/10
X"
"18.14","Bill Murray/Sting","7.9","41","1
2
3
4
5
6
7
8
9
10

7.9/10
X"
"18.15","John Goodman/Mary J. Blige","6.4","30","1
2
3
4
5
6
7
8
9
10

6.4/10
X"
"18.16","Miranda Richardson/Soul Asylum","7.5","31","1
2
3
4
5
6
7
8
9
10

7.5/10
X"
"18.17","Jason Alexander/Peter Gabriel","7.1","37","1
2
3
4
5
6
7
8
9
10

7.1/10
X"
"18.18","Kirstie Alley/Lenny Kravitz","6.1","30","1
2
3
4
5
6
7
8
9
10

6.1/10
X"
"18.19","Christina Applegate/Midnight Oil","7.2","54","1
2
3
4
5
6
7
8
9
10

7.2/10
X"
"18.20","Kevin Kline/Willie Nelson & Paul Simon","6.0","28","1
2
3
4
5
6
7
8
9
10

6.0/10
X"
"19.1","Charles Barkley/Nirvana","7.5","54","1
2
3
4
5
6
7
8
9
10

7.5/10
X"
"19.2","Shannon Doherty/Cypress Hill","6.4","33","1
2
3
4
5
6
7
8
9
10

6.4/10
X"
"19.3","Jeff Goldblum/Aerosmith","6.2","46","1
2
3
4
5
6
7
8
9
10

6.2/10
X"
"19.4","John Malkovich/Billy Joel","7.1","35","1
2
3
4
5
6
7
8
9
10

7.1/10
X"
"19.5","Christian Slater/Smashing Pumpkins","6.7","35","1
2
3
4
5
6
7
8
9
10

6.7/10
X"
"19.6","Rosie O'Donnell/James Taylor","3.9","30","1
2
3
4
5
6
7
8
9
10

3.9/10
X"
"19.7","Nicole Kidman/Stone Temple Pilots","6.6","34","1
2
3
4
5
6
7
8
9
10

6.6/10
X"
"19.8","Charlton Heston/Paul Westerberg","6.1","45","1
2
3
4
5
6
7
8
9
10

6.1/10
X"
"19.9","Sally Field/Tony! Toni! Tone!","6.0","32","1
2
3
4
5
6
7
8
9
10

6.0/10
X"
"19.10","Jason Patric/Blind Melon","5.9","32","1
2
3
4
5
6
7
8
9
10

5.9/10
X"
"19.11","Sara Gilbert/Counting Crows","6.3","43","1
2
3
4
5
6
7
8
9
10

6.3/10
X"
"19.12","Patrick Stewart/Salt-N-Pepa","7.5","39","1
2
3
4
5
6
7
8
9
10

7.5/10
X"
"19.13","Alec Baldwin & Kim Basinger/UB40","6.2","37","1
2
3
4
5
6
7
8
9
10

6.2/10
X"
"19.14","Martin Lawrence/Crash Test Dummies","5.8","41","1
2
3
4
5
6
7
8
9
10

5.8/10
X"
"19.15","Nancy Kerrigan/Aretha Franklin","4.5","30","1
2
3
4
5
6
7
8
9
10

4.5/10
X"
"19.16","Helen Hunt/Snoop Doggy Dogg","6.9","34","1
2
3
4
5
6
7
8
9
10

6.9/10
X"
"19.17","Kelsey Grammer/Dwight Yoakam","5.0","26","1
2
3
4
5
6
7
8
9
10

5.0/10
X"
"19.18","Emilio Estevez/Pearl Jam","7.0","34","1
2
3
4
5
6
7
8
9
10

7.0/10
X"
"19.19","John Goodman/The Pretenders","5.4","27","1
2
3
4
5
6
7
8
9
10

5.4/10
X"
"19.20","Heather Locklear/Janet Jackson","6.3","32","1
2
3
4
5
6
7
8
9
10

6.3/10
X"
"20.1","Steve Martin/Eric Clapton","7.6","39","1
2
3
4
5
6
7
8
9
10

7.6/10
X"
"20.2","Marisa Tomei/Bonnie Raitt","6.9","34","1
2
3
4
5
6
7
8
9
10

6.9/10
X"
"20.3","John Travolta/Seal","8.0","46","1
2
3
4
5
6
7
8
9
10

8.0/10
X"
"20.4","Dana Carvey/Edie Brickell & Paul Simon","6.5","32","1
2
3
4
5
6
7
8
9
10

6.5/10
X"
"20.5","Sarah Jessica Parker/R.E.M.","6.2","32","1
2
3
4
5
6
7
8
9
10

6.2/10
X"
"20.6","John Turturro/Tom Petty & the Heartbreakers","6.3","33","1
2
3
4
5
6
7
8
9
10

6.3/10
X"
"20.7","Roseanne/Green Day","7.0","36","1
2
3
4
5
6
7
8
9
10

7.0/10
X"
"20.8","Alec Baldwin/Beastie Boys","7.3","46","1
2
3
4
5
6
7
8
9
10

7.3/10
X"
"20.9","George Foreman/Hole","6.1","30","1
2
3
4
5
6
7
8
9
10

6.1/10
X"
"20.10","Jeff Daniels/Luscious Jackson","7.9","34","1
2
3
4
5
6
7
8
9
10

7.9/10
X"
"20.11","David Hyde Pierce/Live","6.8","31","1
2
3
4
5
6
7
8
9
10

6.8/10
X"
"20.12","Bob Newhart/Des'ree","7.4","34","1
2
3
4
5
6
7
8
9
10

7.4/10
X"
"20.13","Deion Sanders/Bon Jovi","5.9","32","1
2
3
4
5
6
7
8
9
10

5.9/10
X"
"20.14","George Clooney/The Cranberries","5.8","37","1
2
3
4
5
6
7
8
9
10

5.8/10
X"
"20.15","Paul Reiser/Annie Lennox","6.7","30","1
2
3
4
5
6
7
8
9
10

6.7/10
X"
"20.16","John Goodman/Tragically Hip","7.7","39","1
2
3
4
5
6
7
8
9
10

7.7/10
X"
"20.17","Damon Wayans/Dionne Farris","7.1","29","1
2
3
4
5
6
7
8
9
10

7.1/10
X"
"20.18","Courteney Cox/Dave Matthews Band","7.4","43","1
2
3
4
5
6
7
8
9
10

7.4/10
X"
"20.19","Bob Saget/TLC","6.7","37","1
2
3
4
5
6
7
8
9
10

6.7/10
X"
"20.20","David Duchovny/Rod Stewart","8.0","43","1
2
3
4
5
6
7
8
9
10

8.0/10
X"
"21.1","Mariel Hemingway/Blues Traveler","6.9","33","1
2
3
4
5
6
7
8
9
10

6.9/10
X"
"21.2","Chevy Chase/Lisa Loeb and Nine Stories","6.5","35","1
2
3
4
5
6
7
8
9
10

6.5/10
X"
"21.3","David Schwimmer/Natalie Merchant","5.9","31","1
2
3
4
5
6
7
8
9
10

5.9/10
X"
"21.4","Gabriel Byrne/Alanis Morissette","6.4","29","1
2
3
4
5
6
7
8
9
10

6.4/10
X"
"21.5","Quentin Tarantino/Smashing Pumpkins","7.1","40","1
2
3
4
5
6
7
8
9
10

7.1/10
X"
"21.6","Laura Leighton/Rancid","5.8","34","1
2
3
4
5
6
7
8
9
10

5.8/10
X"
"21.7","Anthony Edwards/Foo Fighters","6.5","24","1
2
3
4
5
6
7
8
9
10

6.5/10
X"
"21.8","David Alan Grier/Silverchair","6.3","26","1
2
3
4
5
6
7
8
9
10

6.3/10
X"
"21.9","Madeline Kahn/Bush","5.4","28","1
2
3
4
5
6
7
8
9
10

5.4/10
X"
"21.10","Christopher Walken/Joan Osborne","7.4","40","1
2
3
4
5
6
7
8
9
10

7.4/10
X"
"21.11","Alec Baldwin/Tori Amos","6.8","33","1
2
3
4
5
6
7
8
9
10

6.8/10
X"
"21.12","Danny Aiello/Coolio","5.6","27","1
2
3
4
5
6
7
8
9
10

5.6/10
X"
"21.13","Tom Arnold/Tupac Shakur","6.8","34","1
2
3
4
5
6
7
8
9
10

6.8/10
X"
"21.14","Elle MacPherson/Sting","6.2","27","1
2
3
4
5
6
7
8
9
10

6.2/10
X"
"21.15","John Goodman/Everclear","7.5","29","1
2
3
4
5
6
7
8
9
10

7.5/10
X"
"21.16","Phil Hartman/Gin Blossoms","6.8","30","1
2
3
4
5
6
7
8
9
10

6.8/10
X"
"21.17","Steve Forbes/Rage Against the Machine","5.6","30","1
2
3
4
5
6
7
8
9
10

5.6/10
X"
"21.18","Teri Hatcher/Dave Matthews Band","6.4","25","1
2
3
4
5
6
7
8
9
10

6.4/10
X"
"21.19","Christine Baranski/The Cure","6.4","32","1
2
3
4
5
6
7
8
9
10

6.4/10
X"
"21.20","Jim Carrey/Soundgarden","8.5","138","1
2
3
4
5
6
7
8
9
10

8.5/10
X"
"22.1","Tom Hanks/Tom Petty & the Heartbreakers","4.3","44","1
2
3
4
5
6
7
8
9
10

4.3/10
X"
"22.2","Lisa Kudrow/Sheryl Crow","5.6","32","1
2
3
4
5
6
7
8
9
10

5.6/10
X"
"22.3","Bill Pullman/New Edition","4.8","28","1
2
3
4
5
6
7
8
9
10

4.8/10
X"
"22.4","Dana Carvey/Dr. Dre","6.1","23","1
2
3
4
5
6
7
8
9
10

6.1/10
X"
"22.5","Chris Rock/The Wallflowers","4.2","39","1
2
3
4
5
6
7
8
9
10

4.2/10
X"
"22.6","Robert Downey Jr/Fiona Apple","6.3","40","1
2
3
4
5
6
7
8
9
10

6.3/10
X"
"22.7","Phil Hartman/Bush","6.0","25","1
2
3
4
5
6
7
8
9
10

6.0/10
X"
"22.8","Martin Short/No Doubt","5.8","34","1
2
3
4
5
6
7
8
9
10

5.8/10
X"
"22.9","Rosie O'Donnell/Whitney Houston","4.0","44","1
2
3
4
5
6
7
8
9
10

4.0/10
X"
"22.10","Kevin Spacey/Beck","7.1","49","1
2
3
4
5
6
7
8
9
10

7.1/10
X"
"22.11","David Alan Grier/Snoop Doggy Dogg","6.3","27","1
2
3
4
5
6
7
8
9
10

6.3/10
X"
"22.12","Neve Campbell/David Bowie","6.2","37","1
2
3
4
5
6
7
8
9
10

6.2/10
X"
"22.13","Chevy Chase/Live","5.6","25","1
2
3
4
5
6
7
8
9
10

5.6/10
X"
"22.14","Alec Baldwin/Tina Turner","6.0","33","1
2
3
4
5
6
7
8
9
10

6.0/10
X"
"22.15","Sting/Veruca Salt","6.0","27","1
2
3
4
5
6
7
8
9
10

6.0/10
X"
"22.16","Mike Myers/Aerosmith","6.3","27","1
2
3
4
5
6
7
8
9
10

6.3/10
X"
"22.17","Rob Lowe/Spice Girls","5.9","38","1
2
3
4
5
6
7
8
9
10

5.9/10
X"
"22.18","Pamela Lee/Rollins Band","3.7","36","1
2
3
4
5
6
7
8
9
10

3.7/10
X"
"22.19","John Goodman/Jewel","6.3","37","1
2
3
4
5
6
7
8
9
10

6.3/10
X"
"22.20","Jeff Goldblum/En Vogue","6.3","25","1
2
3
4
5
6
7
8
9
10

6.3/10
X"
"23.1","Sylvester Stallone/Jamiroquai","7.4","43","1
2
3
4
5
6
7
8
9
10

7.4/10
X"
"23.2","Matthew Perry/Oasis","6.2","41","1
2
3
4
5
6
7
8
9
10

6.2/10
X"
"23.3","Brendan Fraser/Björk","5.4","41","1
2
3
4
5
6
7
8
9
10

5.4/10
X"
"23.4","Chris Farley/The Mighty Mighty Bosstones","6.6","50","1
2
3
4
5
6
7
8
9
10

6.6/10
X"
"23.5","Jon Lovitz/Jane's Addiction","5.6","30","1
2
3
4
5
6
7
8
9
10

5.6/10
X"
"23.6","Claire Danes/Mariah Carey","5.2","43","1
2
3
4
5
6
7
8
9
10

5.2/10
X"
"23.7","Rudy Giuliani/Sarah McLachlan","5.7","35","1
2
3
4
5
6
7
8
9
10

5.7/10
X"
"23.8","Nathan Lane/Metallica","6.1","33","1
2
3
4
5
6
7
8
9
10

6.1/10
X"
"23.9","Helen Hunt/Hanson","5.9","47","1
2
3
4
5
6
7
8
9
10

5.9/10
X"
"23.10","Samuel L. Jackson/Ben Folds Five","7.2","31","1
2
3
4
5
6
7
8
9
10

7.2/10
X"
"23.11","Sarah Michelle Gellar/Portishead","5.7","45","1
2
3
4
5
6
7
8
9
10

5.7/10
X"
"23.12","John Goodman/Paula Cole","5.7","29","1
2
3
4
5
6
7
8
9
10

5.7/10
X"
"23.13","Roma Downey/Missy 'Misdemeanor' Elliott","5.2","25","1
2
3
4
5
6
7
8
9
10

5.2/10
X"
"23.14","Garth Brooks","6.6","40","1
2
3
4
5
6
7
8
9
10

6.6/10
X"
"23.15","Scott Wolf/Natalie Imbruglia","4.5","26","1
2
3
4
5
6
7
8
9
10

4.5/10
X"
"23.16","Julianne Moore/Backstreet Boys","4.8","32","1
2
3
4
5
6
7
8
9
10

4.8/10
X"
"23.17","Steve Buscemi/Third Eye Blind","6.7","50","1
2
3
4
5
6
7
8
9
10

6.7/10
X"
"23.18","Greg Kinnear/All Saints","5.6","26","1
2
3
4
5
6
7
8
9
10

5.6/10
X"
"23.19","Matthew Broderick/Natalie Merchant","5.8","37","1
2
3
4
5
6
7
8
9
10

5.8/10
X"
"23.20","David Duchovny/Puff Daddy/Jimmy Page","5.5","57","1
2
3
4
5
6
7
8
9
10

5.5/10
X"
"24.1","Cameron Diaz/Smashing Pumpkins","6.6","45","1
2
3
4
5
6
7
8
9
10

6.6/10
X"
"24.2","Kelsey Grammer/Sheryl Crow","5.6","38","1
2
3
4
5
6
7
8
9
10

5.6/10
X"
"24.3","Lucy Lawless/Elliott Smith","7.4","49","1
2
3
4
5
6
7
8
9
10

7.4/10
X"
"24.4","Ben Stiller/Alanis Morrisette","5.9","40","1
2
3
4
5
6
7
8
9
10

5.9/10
X"
"24.5","David Spade/Eagle-Eye Cherry","5.3","37","1
2
3
4
5
6
7
8
9
10

5.3/10
X"
"24.6","Joan Allen/Jewel","5.2","26","1
2
3
4
5
6
7
8
9
10

5.2/10
X"
"24.7","Jennifer Love Hewitt/Beastie Boys","5.5","52","1
2
3
4
5
6
7
8
9
10

5.5/10
X"
"24.8","Vince Vaughn/Lauryn Hill","5.6","31","1
2
3
4
5
6
7
8
9
10

5.6/10
X"
"24.9","Alec Baldwin/Luciano Pavarotti, Vanessa Williams","6.4","45","1
2
3
4
5
6
7
8
9
10

6.4/10
X"
"24.10","Bill Paxton/Beck","6.6","48","1
2
3
4
5
6
7
8
9
10

6.6/10
X"
"24.11","James Van Der Beek/Everlast","5.2","30","1
2
3
4
5
6
7
8
9
10

5.2/10
X"
"24.12","Gwyneth Paltrow/Barenaked Ladies","6.2","44","1
2
3
4
5
6
7
8
9
10

6.2/10
X"
"24.13","Brendan Fraser/The Roots","6.5","37","1
2
3
4
5
6
7
8
9
10

6.5/10
X"
"24.14","Bill Murray/Lucinda Williams","6.0","34","1
2
3
4
5
6
7
8
9
10

6.0/10
X"
"24.15","Ray Romano/The Corrs","5.4","30","1
2
3
4
5
6
7
8
9
10

5.4/10
X"
"24.16","Drew Barrymore/Garbage","6.7","42","1
2
3
4
5
6
7
8
9
10

6.7/10
X"
"24.17","John Goodman/Tom Petty & The Heartbreakers","5.8","35","1
2
3
4
5
6
7
8
9
10

5.8/10
X"
"24.18","Cuba Gooding, Jr./Ricky Martin","3.8","44","1
2
3
4
5
6
7
8
9
10

3.8/10
X"
"24.19","Sarah Michelle Gellar/Backstreet Boys","6.5","64","1
2
3
4
5
6
7
8
9
10

6.5/10
X"
"25.1","Jerry Seinfeld/David Bowie","7.6","62","1
2
3
4
5
6
7
8
9
10

7.6/10
X"
"25.2","Heather Graham/Marc Anthony","5.9","34","1
2
3
4
5
6
7
8
9
10

5.9/10
X"
"25.3","Norm Macdonald/Dr. Dre & Snoop Dogg","7.4","39","1
2
3
4
5
6
7
8
9
10

7.4/10
X"
"25.4","Dylan McDermott/Foo Fighters","6.1","32","1
2
3
4
5
6
7
8
9
10

6.1/10
X"
"25.5","Garth Brooks/Chris Gaines","6.4","35","1
2
3
4
5
6
7
8
9
10

6.4/10
X"
"25.6","Jennifer Aniston/Sting","6.6","58","1
2
3
4
5
6
7
8
9
10

6.6/10
X"
"25.7","Christina Ricci/Beck","5.9","36","1
2
3
4
5
6
7
8
9
10

5.9/10
X"
"25.8","Danny DeVito/R.E.M.","6.1","36","1
2
3
4
5
6
7
8
9
10

6.1/10
X"
"25.9","Jamie Foxx/Blink-182","5.8","35","1
2
3
4
5
6
7
8
9
10

5.8/10
X"
"25.10","Freddie Prinze, Jr./Macy Gray","6.5","42","1
2
3
4
5
6
7
8
9
10

6.5/10
X"
"25.11","Alan Cumming/Jennifer Lopez","5.9","43","1
2
3
4
5
6
7
8
9
10

5.9/10
X"
"25.12","Julianna Margulies/DMX","6.1","27","1
2
3
4
5
6
7
8
9
10

6.1/10
X"
"25.13","Ben Affleck/Fiona Apple","6.8","54","1
2
3
4
5
6
7
8
9
10

6.8/10
X"
"25.14","Joshua Jackson/'N Sync","6.3","48","1
2
3
4
5
6
7
8
9
10

6.3/10
X"
"25.15","The Rock/AC/DC","7.2","53","1
2
3
4
5
6
7
8
9
10

7.2/10
X"
"25.16","Christopher Walken/Christina Aguilera","8.1","73","1
2
3
4
5
6
7
8
9
10

8.1/10
X"
"25.17","Tobey Maguire/Sisqo","6.9","44","1
2
3
4
5
6
7
8
9
10

6.9/10
X"
"25.18","John Goodman/Neil Young","6.2","30","1
2
3
4
5
6
7
8
9
10

6.2/10
X"
"25.19","Britney Spears","4.9","66","1
2
3
4
5
6
7
8
9
10

4.9/10
X"
"25.20","Jackie Chan/Kid Rock","5.7","62","1
2
3
4
5
6
7
8
9
10

5.7/10
X"
"26.1","Rob Lowe/Eminem","6.4","56","1
2
3
4
5
6
7
8
9
10

6.4/10
X"
"26.2","Kate Hudson/Radiohead","7.2","54","1
2
3
4
5
6
7
8
9
10

7.2/10
X"
"26.3","Dana Carvey/The Wallflowers","5.5","47","1
2
3
4
5
6
7
8
9
10

5.5/10
X"
"26.4","Charlize Theron/Paul Simon","5.4","42","1
2
3
4
5
6
7
8
9
10

5.4/10
X"
"26.5","Calista Flockhart/Ricky Martin","4.7","39","1
2
3
4
5
6
7
8
9
10

4.7/10
X"
"26.6","Tom Green/David Gray","5.3","54","1
2
3
4
5
6
7
8
9
10

5.3/10
X"
"26.7","Val Kilmer/U2","6.4","49","1
2
3
4
5
6
7
8
9
10

6.4/10
X"
"26.8","Lucy Liu/Jay-Z","5.7","45","1
2
3
4
5
6
7
8
9
10

5.7/10
X"
"26.9","Charlie Sheen/Nelly Furtado","5.4","39","1
2
3
4
5
6
7
8
9
10

5.4/10
X"
"26.10","Mena Suvari/Lenny Kravitz","5.5","33","1
2
3
4
5
6
7
8
9
10

5.5/10
X"
"26.11","Jennifer Lopez","5.1","44","1
2
3
4
5
6
7
8
9
10

5.1/10
X"
"26.12","Sean Hayes/Shaggy","6.5","39","1
2
3
4
5
6
7
8
9
10

6.5/10
X"
"26.13","Katie Holmes/Dave Matthews Band","5.5","42","1
2
3
4
5
6
7
8
9
10

5.5/10
X"
"26.14","Conan O'Brien/Don Henley","7.5","69","1
2
3
4
5
6
7
8
9
10

7.5/10
X"
"26.15","Julia Stiles/Aerosmith","6.1","45","1
2
3
4
5
6
7
8
9
10

6.1/10
X"
"26.16","Alec Baldwin/Coldplay","6.0","49","1
2
3
4
5
6
7
8
9
10

6.0/10
X"
"26.17","Renée Zellweger/Eve","5.2","44","1
2
3
4
5
6
7
8
9
10

5.2/10
X"
"26.18","Pierce Brosnan/Destiny's Child","6.9","52","1
2
3
4
5
6
7
8
9
10

6.9/10
X"
"26.19","Lara Flynn Boyle/Bon Jovi","5.7","27","1
2
3
4
5
6
7
8
9
10

5.7/10
X"
"26.20","Christopher Walken/Weezer","7.4","50","1
2
3
4
5
6
7
8
9
10

7.4/10
X"
"27.1","Reese Witherspoon/Alicia Keys","6.7","40","1
2
3
4
5
6
7
8
9
10

6.7/10
X"
"27.2","Seann William Scott/Sum41","7.3","42","1
2
3
4
5
6
7
8
9
10

7.3/10
X"
"27.3","Drew Barrymore/Macy Gray","5.5","42","1
2
3
4
5
6
7
8
9
10

5.5/10
X"
"27.4","John Goodman/Ja Rule","5.9","35","1
2
3
4
5
6
7
8
9
10

5.9/10
X"
"27.5","Gwyneth Paltrow/Ryan Adams","6.0","41","1
2
3
4
5
6
7
8
9
10

6.0/10
X"
"27.6","Billy Bob Thornton/Creed","5.3","39","1
2
3
4
5
6
7
8
9
10

5.3/10
X"
"27.7","Derek Jeter/Shakira/Bubba Sparxxx","6.5","49","1
2
3
4
5
6
7
8
9
10

6.5/10
X"
"27.8","Hugh Jackman/Mick Jagger","6.9","67","1
2
3
4
5
6
7
8
9
10

6.9/10
X"
"27.9","Ellen Degeneres/No Doubt","5.9","40","1
2
3
4
5
6
7
8
9
10

5.9/10
X"
"27.10","Josh Hartnett/Pink","5.9","47","1
2
3
4
5
6
7
8
9
10

5.9/10
X"
"27.11","Jack Black/The Strokes","6.0","50","1
2
3
4
5
6
7
8
9
10

6.0/10
X"
"27.12","Britney Spears","6.3","58","1
2
3
4
5
6
7
8
9
10

6.3/10
X"
"27.13","Jonny Moseley/Outkast","5.0","28","1
2
3
4
5
6
7
8
9
10

5.0/10
X"
"27.14","Jon Stewart/India.Arie","6.1","37","1
2
3
4
5
6
7
8
9
10

6.1/10
X"
"27.15","Ian McKellen/Kylie Minogue","7.4","53","1
2
3
4
5
6
7
8
9
10

7.4/10
X"
"27.16","Cameron Diaz/Jimmy Eat World","5.4","31","1
2
3
4
5
6
7
8
9
10

5.4/10
X"
"27.17","The Rock/Andrew W.K.","5.4","43","1
2
3
4
5
6
7
8
9
10

5.4/10
X"
"27.18","Alec Baldwin/P.O.D.","5.8","46","1
2
3
4
5
6
7
8
9
10

5.8/10
X"
"27.19","Kirsten Dunst/Eminem","5.9","50","1
2
3
4
5
6
7
8
9
10

5.9/10
X"
"27.20","Winona Ryder/Moby","6.5","63","1
2
3
4
5
6
7
8
9
10

6.5/10
X"
"28.1","Matt Damon/Bruce Springsteen & The E Street Band","6.3","58","1
2
3
4
5
6
7
8
9
10

6.3/10
X"
"28.2","Sarah Michelle Gellar/Faith Hill","6.6","65","1
2
3
4
5
6
7
8
9
10

6.6/10
X"
"28.3","Senator John McCain/The White Stripes","5.3","63","1
2
3
4
5
6
7
8
9
10

5.3/10
X"
"28.4","Eric McCormack/Jay-Z","4.7","30","1
2
3
4
5
6
7
8
9
10

4.7/10
X"
"28.5","Nia Vardalos/Eve","4.3","27","1
2
3
4
5
6
7
8
9
10

4.3/10
X"
"28.6","Brittany Murphy/Nelly","5.5","36","1
2
3
4
5
6
7
8
9
10

5.5/10
X"
"28.7","Robert De Niro/Norah Jones","5.6","43","1
2
3
4
5
6
7
8
9
10

5.6/10
X"
"28.8","Al Gore/Phish","6.1","56","1
2
3
4
5
6
7
8
9
10

6.1/10
X"
"28.9","Jeff Gordon/Avril Lavigne","6.1","39","1
2
3
4
5
6
7
8
9
10

6.1/10
X"
"28.10","Ray Liotta/The Donnas","5.4","30","1
2
3
4
5
6
7
8
9
10

5.4/10
X"
"28.11","Matthew McConaughey/Dixie Chicks","5.9","31","1
2
3
4
5
6
7
8
9
10

5.9/10
X"
"28.12","Jennifer Garner/Beck","6.1","40","1
2
3
4
5
6
7
8
9
10

6.1/10
X"
"28.13","Christopher Walken/Foo Fighters","6.7","48","1
2
3
4
5
6
7
8
9
10

6.7/10
X"
"28.14","Queen Latifah/Ms. Dynamite","4.0","35","1
2
3
4
5
6
7
8
9
10

4.0/10
X"
"28.15","Salma Hayek/Christina Aguilera","6.0","42","1
2
3
4
5
6
7
8
9
10

6.0/10
X"
"28.16","Bernie Mac/Good Charlotte","4.5","30","1
2
3
4
5
6
7
8
9
10

4.5/10
X"
"28.17","Ray Romano/Zwan","4.9","26","1
2
3
4
5
6
7
8
9
10

4.9/10
X"
"28.18","Ashton Kutcher/50 Cent","3.9","38","1
2
3
4
5
6
7
8
9
10

3.9/10
X"
"28.19","Adrien Brody/Sean Paul & Wayne Wonder","5.6","41","1
2
3
4
5
6
7
8
9
10

5.6/10
X"
"28.20","Dan Aykroyd/Beyonce","5.4","38","1
2
3
4
5
6
7
8
9
10

5.4/10
X"
"29.1","Jack Black/John Mayer","5.3","39","1
2
3
4
5
6
7
8
9
10

5.3/10
X"
"29.2","Justin Timberlake","7.5","66","1
2
3
4
5
6
7
8
9
10

7.5/10
X"
"29.3","Halle Berry/Britney Spears","5.2","43","1
2
3
4
5
6
7
8
9
10

5.2/10
X"
"29.4","Kelly Ripa/Outkast","4.6","27","1
2
3
4
5
6
7
8
9
10

4.6/10
X"
"29.5","Andy Roddick/Dave Matthews","4.6","27","1
2
3
4
5
6
7
8
9
10

4.6/10
X"
"29.6","Alec Baldwin/Missy Elliott","5.8","43","1
2
3
4
5
6
7
8
9
10

5.8/10
X"
"29.7","Al Sharpton/Pink","3.8","48","1
2
3
4
5
6
7
8
9
10

3.8/10
X"
"29.8","Elijah Wood/Jet","6.4","46","1
2
3
4
5
6
7
8
9
10

6.4/10
X"
"29.9","Jennifer Aniston/Black Eyed Peas","7.1","47","1
2
3
4
5
6
7
8
9
10

7.1/10
X"
"29.10","Jessica Simpson and Nick Lachey/G-Unit","5.4","39","1
2
3
4
5
6
7
8
9
10

5.4/10
X"
"29.11","Megan Mullally/Clay Aiken","5.9","46","1
2
3
4
5
6
7
8
9
10

5.9/10
X"
"29.12","Drew Barrymore/Kelis","6.2","42","1
2
3
4
5
6
7
8
9
10

6.2/10
X"
"29.13","Christina Aguilera/Maroon 5","6.2","46","1
2
3
4
5
6
7
8
9
10

6.2/10
X"
"29.14","Colin Firth/Norah Jones","6.5","53","1
2
3
4
5
6
7
8
9
10

6.5/10
X"
"29.15","Ben Affleck/N.E.R.D.","5.6","39","1
2
3
4
5
6
7
8
9
10

5.6/10
X"
"29.16","Donald Trump/Toots and the Maytals","5.6","44","1
2
3
4
5
6
7
8
9
10

5.6/10
X"
"29.17","Janet Jackson","5.9","37","1
2
3
4
5
6
7
8
9
10

5.9/10
X"
"29.18","Lindsay Lohan/Usher","6.8","83","1
2
3
4
5
6
7
8
9
10

6.8/10
X"
"29.19","Snoop Dogg/Avril Lavigne","5.1","40","1
2
3
4
5
6
7
8
9
10

5.1/10
X"
"29.20","Mary-Kate & Ashley Olsen/J-Kwon","5.7","56","1
2
3
4
5
6
7
8
9
10

5.7/10
X"
"30.1","Ben Affleck/Nelly","6.9","53","1
2
3
4
5
6
7
8
9
10

6.9/10
X"
"30.2","Queen Latifah","5.3","43","1
2
3
4
5
6
7
8
9
10

5.3/10
X"
"30.3","Jude Law/Ashlee Simpson","6.5","64","1
2
3
4
5
6
7
8
9
10

6.5/10
X"
"30.4","Kate Winslet/Eminem","5.9","60","1
2
3
4
5
6
7
8
9
10

5.9/10
X"
"30.5","Liam Neeson/Modest Mouse","6.3","41","1
2
3
4
5
6
7
8
9
10

6.3/10
X"
"30.6","Luke Wilson/U2","5.9","41","1
2
3
4
5
6
7
8
9
10

5.9/10
X"
"30.7","Colin Farrell/Scissor Sisters","6.0","52","1
2
3
4
5
6
7
8
9
10

6.0/10
X"
"30.8","Robert De Niro/Destiny's Child","6.1","56","1
2
3
4
5
6
7
8
9
10

6.1/10
X"
"30.9","Topher Grace/The Killers","6.9","54","1
2
3
4
5
6
7
8
9
10

6.9/10
X"
"30.10","Paul Giamatti/Ludacris featuring Sum-41","5.7","35","1
2
3
4
5
6
7
8
9
10

5.7/10
X"
"30.11","Paris Hilton/Keane","3.4","79","1
2
3
4
5
6
7
8
9
10

3.4/10
X"
"30.12","Jason Bateman/Kelly Clarkson","7.4","47","1
2
3
4
5
6
7
8
9
10

7.4/10
X"
"30.13","Hilary Swank/50 Cent","4.8","42","1
2
3
4
5
6
7
8
9
10

4.8/10
X"
"30.14","David Spade/Jack Johnson","5.7","46","1
2
3
4
5
6
7
8
9
10

5.7/10
X"
"30.15","Ashton Kutcher/Gwen Stefani","4.5","50","1
2
3
4
5
6
7
8
9
10

4.5/10
X"
"30.16","Cameron Diaz/Green Day","5.4","60","1
2
3
4
5
6
7
8
9
10

5.4/10
X"
"30.17","Tom Brady/Beck","6.4","48","1
2
3
4
5
6
7
8
9
10

6.4/10
X"
"30.18","Johnny Knoxville/System of a Down","5.8","58","1
2
3
4
5
6
7
8
9
10

5.8/10
X"
"30.19","Will Ferrell/Queens of the Stone Age","7.4","59","1
2
3
4
5
6
7
8
9
10

7.4/10
X"
"30.20","Lindsay Lohan/Coldplay","5.7","60","1
2
3
4
5
6
7
8
9
10

5.7/10
X"
"31.1","Steve Carell/Kanye West","6.2","83","1
2
3
4
5
6
7
8
9
10

6.2/10
X"
"31.2","Jon Heder/Ashlee Simpson","4.7","49","1
2
3
4
5
6
7
8
9
10

4.7/10
X"
"31.3","Catherine Zeta-Jones/Franz Ferdinand","6.5","49","1
2
3
4
5
6
7
8
9
10

6.5/10
X"
"31.4","Lance Armstrong/Sheryl Crow","5.1","38","1
2
3
4
5
6
7
8
9
10

5.1/10
X"
"31.5","Jason Lee/Foo Fighters","6.2","49","1
2
3
4
5
6
7
8
9
10

6.2/10
X"
"31.6","Eva Longoria/Korn","6.2","49","1
2
3
4
5
6
7
8
9
10

6.2/10
X"
"31.7","Dane Cook/James Blunt","5.2","86","1
2
3
4
5
6
7
8
9
10

5.2/10
X"
"31.8","Alec Baldwin/Shakira","6.2","59","1
2
3
4
5
6
7
8
9
10

6.2/10
X"
"31.9","Jack Black/Neil Young","6.8","79","1
2
3
4
5
6
7
8
9
10

6.8/10
X"
"31.10","Scarlett Johansson/Death Cab for Cutie","6.9","72","1
2
3
4
5
6
7
8
9
10

6.9/10
X"
"31.11","Peter Sarsgaard/The Strokes","6.6","52","1
2
3
4
5
6
7
8
9
10

6.6/10
X"
"31.12","Steve Martin/Prince","7.6","64","1
2
3
4
5
6
7
8
9
10

7.6/10
X"
"31.13","Natalie Portman/Fall Out Boy","8.0","111","1
2
3
4
5
6
7
8
9
10

8.0/10
X"
"31.14","Matt Dillon/Arctic Monkeys","6.3","48","1
2
3
4
5
6
7
8
9
10

6.3/10
X"
"31.15","Antonio Banderas/Mary J. Blige","5.9","47","1
2
3
4
5
6
7
8
9
10

5.9/10
X"
"31.16","Lindsay Lohan/Pearl Jam","6.5","63","1
2
3
4
5
6
7
8
9
10

6.5/10
X"
"31.17","Tom Hanks/Red Hot Chili Peppers","6.4","67","1
2
3
4
5
6
7
8
9
10

6.4/10
X"
"31.18","Julia Louis-Dreyfus/Paul Simon","6.7","65","1
2
3
4
5
6
7
8
9
10

6.7/10
X"
"31.19","Kevin Spacey/Nelly Furtado","6.5","63","1
2
3
4
5
6
7
8
9
10

6.5/10
X"
"32.1","Dane Cook/The Killers","5.6","98","1
2
3
4
5
6
7
8
9
10

5.6/10
X"
"32.2","Jaime Pressly/Corinne Bailey Rae","5.6","56","1
2
3
4
5
6
7
8
9
10

5.6/10
X"
"32.3","John C. Reilly/My Chemical Romance","6.7","79","1
2
3
4
5
6
7
8
9
10

6.7/10
X"
"32.4","Hugh Laurie/Beck","7.5","99","1
2
3
4
5
6
7
8
9
10

7.5/10
X"
"32.5","Alec Baldwin/Christina Aguilera","7.5","86","1
2
3
4
5
6
7
8
9
10

7.5/10
X"
"32.6","Chris 'Ludacris' Bridges","5.7","46","1
2
3
4
5
6
7
8
9
10

5.7/10
X"
"32.7","Matthew Fox/Tenacious D","7.4","67","1
2
3
4
5
6
7
8
9
10

7.4/10
X"
"32.8","Annette Bening/Gwen Stefani/Akon","6.8","56","1
2
3
4
5
6
7
8
9
10

6.8/10
X"
"32.9","Justin Timberlake","8.5","209","1
2
3
4
5
6
7
8
9
10

8.5/10
X"
"32.10","Jake Gyllenhaal/The Shins","7.8","100","1
2
3
4
5
6
7
8
9
10

7.8/10
X"
"32.11","Jeremy Piven/AFI","7.4","73","1
2
3
4
5
6
7
8
9
10

7.4/10
X"
"32.12","Drew Barrymore/Lily Allen","7.5","77","1
2
3
4
5
6
7
8
9
10

7.5/10
X"
"32.13","Forest Whitaker/Keith Urban","6.5","47","1
2
3
4
5
6
7
8
9
10

6.5/10
X"
"32.14","Rainn Wilson/Arcade Fire","7.4","75","1
2
3
4
5
6
7
8
9
10

7.4/10
X"
"32.15","Julia Louis-Dreyfus/Snow Patrol","7.1","60","1
2
3
4
5
6
7
8
9
10

7.1/10
X"
"32.16","Peyton Manning/Carrie Underwood","8.2","137","1
2
3
4
5
6
7
8
9
10

8.2/10
X"
"32.17","Shia LaBeouf/Avril Lavigne","7.3","131","1
2
3
4
5
6
7
8
9
10

7.3/10
X"
"32.18","Scarlett Johansson/Björk","7.4","84","1
2
3
4
5
6
7
8
9
10

7.4/10
X"
"32.19","Molly Shannon/Linkin Park","7.9","52","1
2
3
4
5
6
7
8
9
10

7.9/10
X"
"32.20","Zach Braff/Maroon 5","7.4","80","1
2
3
4
5
6
7
8
9
10

7.4/10
X"
"33.1","LeBron James/Kanye West","6.9","100","1
2
3
4
5
6
7
8
9
10

6.9/10
X"
"33.2","Seth Rogen/Spoon","7.3","79","1
2
3
4
5
6
7
8
9
10

7.3/10
X"
"33.3","Jon Bon Jovi/Foo Fighters","7.1","74","1
2
3
4
5
6
7
8
9
10

7.1/10
X"
"33.4","Brian Williams/Feist","7.6","65","1
2
3
4
5
6
7
8
9
10

7.6/10
X"
"33.5","Tina Fey/Carrie Underwood","8.0","109","1
2
3
4
5
6
7
8
9
10

8.0/10
X"
"33.6","Ellen Page/Wilco","7.4","118","1
2
3
4
5
6
7
8
9
10

7.4/10
X"
"33.7","Amy Adams/Vampire Weekend","7.7","92","1
2
3
4
5
6
7
8
9
10

7.7/10
X"
"33.8","Jonah Hill/Mariah Carey","6.7","81","1
2
3
4
5
6
7
8
9
10

6.7/10
X"
"33.9","Christopher Walken/Panic at the Disco","8.0","104","1
2
3
4
5
6
7
8
9
10

8.0/10
X"
"33.10","Ashton Kutcher/Gnarls Barkley","7.0","74","1
2
3
4
5
6
7
8
9
10

7.0/10
X"
"33.11","Shia LaBeouf/My Morning Jacket","7.8","84","1
2
3
4
5
6
7
8
9
10

7.8/10
X"
"33.12","Steve Carell/Usher","7.8","91","1
2
3
4
5
6
7
8
9
10

7.8/10
X"
"34.1","Michael Phelps/Lil' Wayne","6.0","119","1
2
3
4
5
6
7
8
9
10

6.0/10
X"
"34.2","James Franco/Kings of Leon","6.7","121","1
2
3
4
5
6
7
8
9
10

6.7/10
X"
"34.3","Anna Faris/Duffy","6.5","80","1
2
3
4
5
6
7
8
9
10

6.5/10
X"
"34.4","Anne Hathaway/The Killers","7.7","136","1
2
3
4
5
6
7
8
9
10

7.7/10
X"
"34.5","Josh Brolin/Adele","7.7","114","1
2
3
4
5
6
7
8
9
10

7.7/10
X"
"34.6","Jon Hamm/Coldplay","7.6","101","1
2
3
4
5
6
7
8
9
10

7.6/10
X"
"34.7","Ben Affleck/David Cook","7.1","96","1
2
3
4
5
6
7
8
9
10

7.1/10
X"
"34.8","Paul Rudd/Beyoncé","7.7","123","1
2
3
4
5
6
7
8
9
10

7.7/10
X"
"34.9","Tim McGraw/Ludacris/T-Pain","6.4","55","1
2
3
4
5
6
7
8
9
10

6.4/10
X"
"34.10","John Malkovich/T.I.","7.3","93","1
2
3
4
5
6
7
8
9
10

7.3/10
X"
"34.11","Hugh Laurie/Kanye West","6.7","89","1
2
3
4
5
6
7
8
9
10

6.7/10
X"
"34.12","Neil Patrick Harris/Taylor Swift","7.1","108","1
2
3
4
5
6
7
8
9
10

7.1/10
X"
"34.13","Rosario Dawson/Fleet Foxes","5.9","74","1
2
3
4
5
6
7
8
9
10

5.9/10
X"
"34.14","Steve Martin/Jason Mraz","6.3","79","1
2
3
4
5
6
7
8
9
10

6.3/10
X"
"34.15","Bradley Cooper/TV on the Radio","6.4","80","1
2
3
4
5
6
7
8
9
10

6.4/10
X"
"34.16","Alec Baldwin/Jonas Brothers","6.8","95","1
2
3
4
5
6
7
8
9
10

6.8/10
X"
"34.17","Dwayne Johnson/Ray LaMontagne","7.4","87","1
2
3
4
5
6
7
8
9
10

7.4/10
X"
"34.18","Tracy Morgan/Kelly Clarkson","6.3","75","1
2
3
4
5
6
7
8
9
10

6.3/10
X"
"34.19","Seth Rogen/Phoenix","6.2","77","1
2
3
4
5
6
7
8
9
10

6.2/10
X"
"34.20","Zac Efron/Yeah Yeah Yeahs","6.9","107","1
2
3
4
5
6
7
8
9
10

6.9/10
X"
"34.21","Justin Timberlake/Ciara","8.1","174","1
2
3
4
5
6
7
8
9
10

8.1/10
X"
"34.22","Will Ferrell/Green Day","7.9","125","1
2
3
4
5
6
7
8
9
10

7.9/10
X"
"35.1","Megan Fox/U2","6.3","136","1
2
3
4
5
6
7
8
9
10

6.3/10
X"
"35.2","Ryan Reynolds/Lady Gaga","7.3","171","1
2
3
4
5
6
7
8
9
10

7.3/10
X"
"35.3","Drew Barrymore/Regina Spektor","6.0","98","1
2
3
4
5
6
7
8
9
10

6.0/10
X"
"35.4","Gerard Butler/Shakira","7.1","115","1
2
3
4
5
6
7
8
9
10

7.1/10
X"
"35.5","Taylor Swift","7.1","164","1
2
3
4
5
6
7
8
9
10

7.1/10
X"
"35.6","January Jones/Black Eyed Peas","4.4","101","1
2
3
4
5
6
7
8
9
10

4.4/10
X"
"35.7","Joseph Gordon-Levitt/Dave Matthews Band","7.5","130","1
2
3
4
5
6
7
8
9
10

7.5/10
X"
"35.8","Blake Lively/Rihanna","6.6","119","1
2
3
4
5
6
7
8
9
10

6.6/10
X"
"35.9","Taylor Lautner/Bon Jovi","5.9","125","1
2
3
4
5
6
7
8
9
10

5.9/10
X"
"35.10","James Franco/Muse","6.9","124","1
2
3
4
5
6
7
8
9
10

6.9/10
X"
"35.11","Charles Barkley/Alicia Keys","6.2","79","1
2
3
4
5
6
7
8
9
10

6.2/10
X"
"35.12","Sigourney Weaver/The Ting Tings","6.5","90","1
2
3
4
5
6
7
8
9
10

6.5/10
X"
"35.13","Jon Hamm/Michael Bublé","7.4","119","1
2
3
4
5
6
7
8
9
10

7.4/10
X"
"35.14","Ashton Kutcher/Them Crooked Vultures","6.0","86","1
2
3
4
5
6
7
8
9
10

6.0/10
X"
"35.15","Jennifer Lopez","6.2","95","1
2
3
4
5
6
7
8
9
10

6.2/10
X"
"35.16","Zach Galifianakis/Vampire Weekend","7.9","139","1
2
3
4
5
6
7
8
9
10

7.9/10
X"
"35.17","Jude Law/Pearl Jam","6.6","96","1
2
3
4
5
6
7
8
9
10

6.6/10
X"
"35.18","Tina Fey/Justin Bieber","7.4","155","1
2
3
4
5
6
7
8
9
10

7.4/10
X"
"35.19","Ryan Phillippe/Ke$ha","6.1","91","1
2
3
4
5
6
7
8
9
10

6.1/10
X"
"35.20","Gabourey Sidibe/MGMT","5.7","95","1
2
3
4
5
6
7
8
9
10

5.7/10
X"
"35.21","Betty White/Jay-Z","8.8","344","1
2
3
4
5
6
7
8
9
10

8.8/10
X"
"35.22","Alec Baldwin/Tom Petty & the Heartbreakers","6.6","97","1
2
3
4
5
6
7
8
9
10

6.6/10
X"
"36.1","Amy Poehler/Katy Perry","7.5","150","1
2
3
4
5
6
7
8
9
10

7.5/10
X"
"36.2","Bryan Cranston/Kanye West","6.9","129","1
2
3
4
5
6
7
8
9
10

6.9/10
X"
"36.3","Jane Lynch/Bruno Mars","6.4","103","1
2
3
4
5
6
7
8
9
10

6.4/10
X"
"36.4","Emma Stone/Kings of Leon","7.3","143","1
2
3
4
5
6
7
8
9
10

7.3/10
X"
"36.5","Jon Hamm/Rihanna","6.9","113","1
2
3
4
5
6
7
8
9
10

6.9/10
X"
"36.6","Scarlett Johansson/Arcade Fire","6.5","124","1
2
3
4
5
6
7
8
9
10

6.5/10
X"
"36.7","Anne Hathaway/Florence and the Machine","7.1","121","1
2
3
4
5
6
7
8
9
10

7.1/10
X"
"36.8","Robert De Niro/Diddy-Dirty Money","6.0","117","1
2
3
4
5
6
7
8
9
10

6.0/10
X"
"36.9","Paul Rudd/Paul McCartney","6.5","116","1
2
3
4
5
6
7
8
9
10

6.5/10
X"
"36.10","Jeff Bridges/Eminem and Lil Wayne","6.2","106","1
2
3
4
5
6
7
8
9
10

6.2/10
X"
"36.11","Jim Carrey/The Black Keys","7.4","136","1
2
3
4
5
6
7
8
9
10

7.4/10
X"
"36.12","Gwyneth Paltrow/Cee Lo Green","6.5","109","1
2
3
4
5
6
7
8
9
10

6.5/10
X"
"36.13","Jesse Eisenberg/Nicki Minaj","7.4","136","1
2
3
4
5
6
7
8
9
10

7.4/10
X"
"36.14","Dana Carvey/Linkin Park","7.4","113","1
2
3
4
5
6
7
8
9
10

7.4/10
X"
"36.15","Russell Brand/Chris Brown","6.2","114","1
2
3
4
5
6
7
8
9
10

6.2/10
X"
"36.16","Miley Cyrus/The Strokes","6.2","123","1
2
3
4
5
6
7
8
9
10

6.2/10
X"
"36.17","Zach Galifianakis/Jessie J","7.2","127","1
2
3
4
5
6
7
8
9
10

7.2/10
X"
"36.18","Elton John/Leon Russell","6.3","98","1
2
3
4
5
6
7
8
9
10

6.3/10
X"
"36.19","Helen Mirren/Foo Fighters","6.5","93","1
2
3
4
5
6
7
8
9
10

6.5/10
X"
"36.20","Tina Fey/Ellie Goulding","7.0","116","1
2
3
4
5
6
7
8
9
10

7.0/10
X"
"36.21","Ed Helms/Paul Simon","6.0","94","1
2
3
4
5
6
7
8
9
10

6.0/10
X"
"36.22","Justin Timberlake/Lady Gaga","8.4","230","1
2
3
4
5
6
7
8
9
10

8.4/10
X"
"37.1","Alec Baldwin/Radiohead","7.3","162","1
2
3
4
5
6
7
8
9
10

7.3/10
X"
"37.2","Melissa McCarthy/Lady Antebellum","7.6","171","1
2
3
4
5
6
7
8
9
10

7.6/10
X"
"37.3","Ben Stiller/Foster the People","7.4","144","1
2
3
4
5
6
7
8
9
10

7.4/10
X"
"37.4","Anna Faris/Drake","6.0","140","1
2
3
4
5
6
7
8
9
10

6.0/10
X"
"37.5","Charlie Day/Maroon 5","7.3","142","1
2
3
4
5
6
7
8
9
10

7.3/10
X"
"37.6","Emma Stone/Coldplay","7.5","155","1
2
3
4
5
6
7
8
9
10

7.5/10
X"
"37.7","Jason Segel/Florence and the Machine","7.8","152","1
2
3
4
5
6
7
8
9
10

7.8/10
X"
"37.8","Steve Buscemi/The Black Keys","7.0","114","1
2
3
4
5
6
7
8
9
10

7.0/10
X"
"37.9","Katy Perry/Robyn","7.4","153","1
2
3
4
5
6
7
8
9
10

7.4/10
X"
"37.10","Jimmy Fallon/Michael Bublé","8.5","238","1
2
3
4
5
6
7
8
9
10

8.5/10
X"
"37.11","Charles Barkley/Kelly Clarkson","5.9","120","1
2
3
4
5
6
7
8
9
10

5.9/10
X"
"37.12","Daniel Radcliffe/Lana Del Rey","6.7","167","1
2
3
4
5
6
7
8
9
10

6.7/10
X"
"37.13","Channing Tatum/Bon Iver","6.2","131","1
2
3
4
5
6
7
8
9
10

6.2/10
X"
"37.14","Zooey Deschanel/Karmin","7.6","162","1
2
3
4
5
6
7
8
9
10

7.6/10
X"
"37.15","Maya Rudolph/Sleigh Bells","8.1","173","1
2
3
4
5
6
7
8
9
10

8.1/10
X"
"37.16","Lindsay Lohan/Jack White","5.8","156","1
2
3
4
5
6
7
8
9
10

5.8/10
X"
"37.17","Jonah Hill/The Shins","7.1","130","1
2
3
4
5
6
7
8
9
10

7.1/10
X"
"37.18","Sofía Vergara/One Direction","7.5","157","1
2
3
4
5
6
7
8
9
10

7.5/10
X"
"37.19","Josh Brolin/Gotye","6.9","112","1
2
3
4
5
6
7
8
9
10

6.9/10
X"
"37.20","Eli Manning/Rihanna","6.5","115","1
2
3
4
5
6
7
8
9
10

6.5/10
X"
"37.21","Will Ferrell/Usher","7.7","111","1
2
3
4
5
6
7
8
9
10

7.7/10
X"
"37.22","Mick Jagger","8.0","151","1
2
3
4
5
6
7
8
9
10

8.0/10
X"
"38.1","Seth MacFarlane/Frank Ocean","7.9","261","1
2
3
4
5
6
7
8
9
10

7.9/10
X"
"38.2","Joseph Gordon-Levitt/Mumford & Sons","7.1","191","1
2
3
4
5
6
7
8
9
10

7.1/10
X"
"38.3","Daniel Craig/Muse","6.3","150","1
2
3
4
5
6
7
8
9
10

6.3/10
X"
"38.4","Christina Applegate/Passion Pit","6.8","140","1
2
3
4
5
6
7
8
9
10

6.8/10
X"
"38.5","Bruno Mars","7.5","178","1
2
3
4
5
6
7
8
9
10

7.5/10
X"
"38.6","Louis C.K./Fun","7.5","195","1
2
3
4
5
6
7
8
9
10

7.5/10
X"
"38.7","Anne Hathaway/Rihanna","7.6","176","1
2
3
4
5
6
7
8
9
10

7.6/10
X"
"38.8","Jeremy Renner/Maroon 5","6.7","162","1
2
3
4
5
6
7
8
9
10

6.7/10
X"
"38.9","Jamie Foxx/Ne-Yo","6.7","134","1
2
3
4
5
6
7
8
9
10

6.7/10
X"
"38.10","Martin Short/Paul McCartney","7.9","160","1
2
3
4
5
6
7
8
9
10

7.9/10
X"
"38.11","Jennifer Lawrence/The Lumineers","6.9","199","1
2
3
4
5
6
7
8
9
10

6.9/10
X"
"38.12","Adam Levine/Kendrick Lamar","6.6","157","1
2
3
4
5
6
7
8
9
10

6.6/10
X"
"38.13","Justin Bieber","4.1","211","1
2
3
4
5
6
7
8
9
10

4.1/10
X"
"38.14","Christoph Waltz/Alabama Shakes","7.2","178","1
2
3
4
5
6
7
8
9
10

7.2/10
X"
"38.15","Kevin Hart/Macklemore & Ryan Lewis","6.6","140","1
2
3
4
5
6
7
8
9
10

6.6/10
X"
"38.16","Justin Timberlake","8.5","273","1
2
3
4
5
6
7
8
9
10

8.5/10
X"
"38.17","Melissa McCarthy/Phoenix","7.2","133","1
2
3
4
5
6
7
8
9
10

7.2/10
X"
"38.18","Vince Vaughn/Miguel","5.2","98","1
2
3
4
5
6
7
8
9
10

5.2/10
X"
"38.19","Zach Galifianakis/Of Monsters and Men","7.7","132","1
2
3
4
5
6
7
8
9
10

7.7/10
X"
"38.20","Kristen Wiig/Vampire Weekend","7.3","130","1
2
3
4
5
6
7
8
9
10

7.3/10
X"
"38.21","Ben Affleck/Kanye West","7.6","134","1
2
3
4
5
6
7
8
9
10

7.6/10
X"
"39.1","Tina Fey/Arcade Fire","7.6","213","1
2
3
4
5
6
7
8
9
10

7.6/10
X"
"39.2","Miley Cyrus","6.3","224","1
2
3
4
5
6
7
8
9
10

6.3/10
X"
"39.3","Bruce Willis/Katy Perry","6.4","178","1
2
3
4
5
6
7
8
9
10

6.4/10
X"
"39.4","Edward Norton/Janelle Monae","7.3","166","1
2
3
4
5
6
7
8
9
10

7.3/10
X"
"39.5","Kerry Washington/Eminem","7.7","188","1
2
3
4
5
6
7
8
9
10

7.7/10
X"
"39.6","Lady Gaga","7.7","199","1
2
3
4
5
6
7
8
9
10

7.7/10
X"
"39.7","Josh Hutcherson/HAIM","7.6","192","1
2
3
4
5
6
7
8
9
10

7.6/10
X"
"39.8","Paul Rudd/One Direction","7.2","158","1
2
3
4
5
6
7
8
9
10

7.2/10
X"
"39.9","John Goodman/Kings of Leon","7.1","130","1
2
3
4
5
6
7
8
9
10

7.1/10
X"
"39.10","Jimmy Fallon/Justin Timberlake","8.8","415","1
2
3
4
5
6
7
8
9
10

8.8/10
X"
"39.11","Drake","7.2","172","1
2
3
4
5
6
7
8
9
10

7.2/10
X"
"39.12","Jonah Hill/Bastille","7.3","142","1
2
3
4
5
6
7
8
9
10

7.3/10
X"
"39.13","Melissa McCarthy/Imagine Dragons","6.5","165","1
2
3
4
5
6
7
8
9
10

6.5/10
X"
"39.14","Jim Parsons/Beck","6.1","158","1
2
3
4
5
6
7
8
9
10

6.1/10
X"
"39.15","Lena Dunham/The National","6.0","131","1
2
3
4
5
6
7
8
9
10

6.0/10
X"
"39.16","Louis C.K./Sam Smith","7.3","157","1
2
3
4
5
6
7
8
9
10

7.3/10
X"
"39.17","Anna Kendrick/Pharrell Williams","7.6","175","1
2
3
4
5
6
7
8
9
10

7.6/10
X"
"39.18","Seth Rogen/Ed Sheeran","6.4","130","1
2
3
4
5
6
7
8
9
10

6.4/10
X"
"39.19","Andrew Garfield/Coldplay","7.6","164","1
2
3
4
5
6
7
8
9
10

7.6/10
X"
"39.20","Charlize Theron/The Black Keys","6.2","120","1
2
3
4
5
6
7
8
9
10

6.2/10
X"
"39.21","Andy Samberg/St. Vincent","8.0","174","1
2
3
4
5
6
7
8
9
10

8.0/10
X"
"40.1","Chris Pratt/Ariana Grande","6.8","274","1
2
3
4
5
6
7
8
9
10

6.8/10
X"
"40.2","Sarah Silverman/Maroon 5","6.9","207","1
2
3
4
5
6
7
8
9
10

6.9/10
X"
"40.3","Bill Hader/Hozier","8.2","285","1
2
3
4
5
6
7
8
9
10

8.2/10
X"
"40.4","Jim Carrey/Iggy Azalea","7.8","287","1
2
3
4
5
6
7
8
9
10

7.8/10
X"
"40.5","Chris Rock/Prince","6.2","206","1
2
3
4
5
6
7
8
9
10

6.2/10
X"
"40.6","Woody Harrelson/Kendrick Lamar","7.4","187","1
2
3
4
5
6
7
8
9
10

7.4/10
X"
"40.7","Cameron Diaz/Mark Ronson & Bruno Mars","6.2","154","1
2
3
4
5
6
7
8
9
10

6.2/10
X"
"40.8","James Franco/Nicki Minaj","6.4","171","1
2
3
4
5
6
7
8
9
10

6.4/10
X"
"40.9","Martin Freeman/Charli XCX","7.7","199","1
2
3
4
5
6
7
8
9
10

7.7/10
X"
"40.10","Amy Adams/One Direction","7.1","172","1
2
3
4
5
6
7
8
9
10

7.1/10
X"
"40.11","Kevin Hart/Sia","6.8","160","1
2
3
4
5
6
7
8
9
10

6.8/10
X"
"40.12","Blake Shelton","5.8","154","1
2
3
4
5
6
7
8
9
10

5.8/10
X"
"40.13","J.K. Simmons/D'Angelo","7.3","156","1
2
3
4
5
6
7
8
9
10

7.3/10
X"
"40.14","Dakota Johnson/Alabama Shakes","6.0","154","1
2
3
4
5
6
7
8
9
10

6.0/10
X"
"40.15","Chris Hemsworth/Zac Brown Band","7.5","164","1
2
3
4
5
6
7
8
9
10

7.5/10
X"
"40.16","Dwayne Johnson/George Ezra","8.1","191","1
2
3
4
5
6
7
8
9
10

8.1/10
X"
"40.17","Michael Keaton/Carly Rae Jepsen","7.4","171","1
2
3
4
5
6
7
8
9
10

7.4/10
X"
"40.18","Taraji P. Henson/Mumford & Sons","5.8","144","1
2
3
4
5
6
7
8
9
10

5.8/10
X"
"40.19","Scarlett Johansson/Wiz Khalifa","6.6","133","1
2
3
4
5
6
7
8
9
10

6.6/10
X"
"40.20","Reese Witherspoon/Florence + the Machine","6.4","117","1
2
3
4
5
6
7
8
9
10

6.4/10
X"
"40.21","Louis C.K./Rihanna","7.3","148","1
2
3
4
5
6
7
8
9
10

7.3/10
X"
"41.1","Miley Cyrus","6.1","221","1
2
3
4
5
6
7
8
9
10

6.1/10
X"
"41.2","Amy Schumer/The Weeknd","6.8","227","1
2
3
4
5
6
7
8
9
10

6.8/10
X"
"41.3","Tracy Morgan/Demi Lovato","7.7","202","1
2
3
4
5
6
7
8
9
10

7.7/10
X"
"41.4","Donald Trump/Sia","3.7","492","1
2
3
4
5
6
7
8
9
10

3.7/10
X"
"41.5","Elizabeth Banks/Disclosure","7.1","164","1
2
3
4
5
6
7
8
9
10

7.1/10
X"
"41.6","Matthew McConaughey/Adele","7.4","196","1
2
3
4
5
6
7
8
9
10

7.4/10
X"
"41.7","Ryan Gosling/Leon Bridges","7.9","233","1
2
3
4
5
6
7
8
9
10

7.9/10
X"
"41.8","Chris Hemsworth/Chance The Rapper","6.6","146","1
2
3
4
5
6
7
8
9
10

6.6/10
X"
"41.9","Tina Fey & Amy Poehler/Bruce Springsteen and the E Street Band","7.9","253","1
2
3
4
5
6
7
8
9
10

7.9/10
X"
"41.10","Adam Driver/Chris Stapleton","7.5","218","1
2
3
4
5
6
7
8
9
10

7.5/10
X"
"41.11","Ronda Rousey/Selena Gomez","6.0","176","1
2
3
4
5
6
7
8
9
10

6.0/10
X"
"41.12","Larry David/The 1975","8.3","236","1
2
3
4
5
6
7
8
9
10

8.3/10
X"
"41.13","Melissa McCarthy/Kanye West","6.5","173","1
2
3
4
5
6
7
8
9
10

6.5/10
X"
"41.14","Jonah Hill/Future","5.5","155","1
2
3
4
5
6
7
8
9
10

5.5/10
X"
"41.15","Ariana Grande","8.0","239","1
2
3
4
5
6
7
8
9
10

8.0/10
X"
"41.16","Peter Dinklage/Gwen Stefani","7.3","274","1
2
3
4
5
6
7
8
9
10

7.3/10
X"
"41.17","Russell Crowe/Margo Price","5.4","138","1
2
3
4
5
6
7
8
9
10

5.4/10
X"
"41.18","Julia Louis-Dreyfus/Nick Jonas","6.3","145","1
2
3
4
5
6
7
8
9
10

6.3/10
X"
"41.19","Brie Larson/Alicia Keys","6.4","125","1
2
3
4
5
6
7
8
9
10

6.4/10
X"
"41.20","Drake","6.1","145","1
2
3
4
5
6
7
8
9
10

6.1/10
X"
"41.21","Fred Armisen/Courtney Barnett","7.9","163","1
2
3
4
5
6
7
8
9
10

7.9/10
X"
"42.1","Margot Robbie/The Weeknd","7.5","317","1
2
3
4
5
6
7
8
9
10

7.5/10
X"
"42.2","Lin-Manuel Miranda/Twenty One Pilots","7.4","305","1
2
3
4
5
6
7
8
9
10

7.4/10
X"
"42.3","Emily Blunt/Bruno Mars","6.2","236","1
2
3
4
5
6
7
8
9
10

6.2/10
X"
"42.4","Tom Hanks/Lady Gaga","7.8","343","1
2
3
4
5
6
7
8
9
10

7.8/10
X"
"42.5","Benedict Cumberbatch/Solange","6.3","228","1
2
3
4
5
6
7
8
9
10

6.3/10
X"
"42.6","Dave Chappelle/A Tribe Called Quest","7.9","425","1
2
3
4
5
6
7
8
9
10

7.9/10
X"
"42.7","Kristen Wiig/The XX","6.4","221","1
2
3
4
5
6
7
8
9
10

6.4/10
X"
"42.8","Emma Stone/Shawn Mendes","6.9","208","1
2
3
4
5
6
7
8
9
10

6.9/10
X"
"42.9","John Cena/Maren Morris","6.1","190","1
2
3
4
5
6
7
8
9
10

6.1/10
X"
"42.10","Casey Affleck/Chance the Rapper","6.6","206","1
2
3
4
5
6
7
8
9
10

6.6/10
X"
"42.11","Felicity Jones/Sturgill Simpson","5.3","224","1
2
3
4
5
6
7
8
9
10

5.3/10
X"
"42.12","Aziz Ansari/Big Sean","7.1","265","1
2
3
4
5
6
7
8
9
10

7.1/10
X"
"42.13","Kristen Stewart/Alessia Cara","7.9","348","1
2
3
4
5
6
7
8
9
10

7.9/10
X"
"42.14","Alec Baldwin/Ed Sheeran","6.9","215","1
2
3
4
5
6
7
8
9
10

6.9/10
X"
"42.15","Octavia Spencer/Father John Misty","5.6","161","1
2
3
4
5
6
7
8
9
10

5.6/10
X"
"42.16","Scarlett Johansson/Lorde","6.7","177","1
2
3
4
5
6
7
8
9
10

6.7/10
X"
"42.17","Louis C.K./The Chainsmokers","7.4","199","1
2
3
4
5
6
7
8
9
10

7.4/10
X"
"42.18","Jimmy Fallon/Harry Styles","6.4","185","1
2
3
4
5
6
7
8
9
10

6.4/10
X"
"42.19","Chris Pine/LCD Soundsystem","5.9","149","1
2
3
4
5
6
7
8
9
10

5.9/10
X"
"42.20","Melissa McCarthy/Haim","6.7","162","1
2
3
4
5
6
7
8
9
10

6.7/10
X"
"42.21","Dwayne Johnson/Katy Perry","7.4","157","1
2
3
4
5
6
7
8
9
10

7.4/10
X"
"43.1","Ryan Gosling/Jay-Z","6.8","151","1
2
3
4
5
6
7
8
9
10

6.8/10
X"
"43.2","Gal Gadot/Sam Smith","6.5","171","1
2
3
4
5
6
7
8
9
10

6.5/10
X"
"43.3","Kumail Nanjiani/P!nk","7.1","124","1
2
3
4
5
6
7
8
9
10

7.1/10
X"
"43.4","Larry David/Miley Cyrus","5.9","93","1
2
3
4
5
6
7
8
9
10

5.9/10
X"
"43.5","Tiffany Haddish/Taylor Swift","6.0","60","1
2
3
4
5
6
7
8
9
10

6.0/10
X"
